,背番号,名前,年俸,防御率,試合数,勝利,敗戦,投球回数,勝率,完投,完封,セーブ,ホールド,奪三振,奪三振率,失点,自責点,被安打,被本塁打,与四球,与死球,与四球率,チーム
0,11,九里亜蓮,8700,3.81,25.0,13.0,9.0,149.0,0.591,2.0,0.0,0.0,0.0,102.0,6.16,73.0,63.0,150.0,18.0,51.0,8.0,3.08,広島
1,12,大道温貴,1000,4.75,24.0,4.0,4.0,53.0,0.5,0.0,0.0,0.0,3.0,35.0,5.94,30.0,28.0,50.0,4.0,25.0,2.0,4.25,広島
2,13,森浦大輔,1100,3.17,54.0,3.0,3.0,,0.5,0.0,0.0,0.0,17.0,41.0,7.63,18.0,17.0,39.0,3.0,21.0,4.0,3.91,広島
3,14,大瀬良大地,15000,3.07,23.0,10.0,5.0,,0.667,1.0,1.0,0.0,0.0,102.0,6.26,57.0,50.0,136.0,12.0,31.0,5.0,1.9,広島
4,16,今村猛,6000,,,,,,,,,,,,,,,,,,,,広島
5,17,岡田明丈,3300,,,,,,,,,,,,,,,,,,,,広島
6,18,森下暢仁,4300,2.98,24.0,8.0,7.0,,0.533,1.0,1.0,0.0,0.0,132.0,7.27,55.0,54.0,144.0,16.0,52.0,3.0,2.87,広島
7,19,野村祐輔,12000,6.31,8.0,0.0,4.0,,0.0,0.0,0.0,0.0,0.0,29.0,7.32,25.0,25.0,48.0,6.0,17.0,2.0,4.29,広島
8,20,栗林良吏,1600,0.86,53.0,0.0,1.0,,0.0,0.0,0.0,37.0,0.0,81.0,13.93,5.0,5.0,23.0,1.0,28.0,1.0,4.82,広島
9,21,中崎翔太,8700,13.5,4.0,0.0,0.0,4.0,0.0,0.0,0.0,0.0,0.0,1.0,2.25,8.0,6.0,9.0,0.0,2.0,0.0,4.5,広島
10,23,薮田和樹,2500,3.86,1.0,0.0,0.0,,0.0,0.0,0.0,0.0,0.0,2.0,3.86,2.0,2.0,3.0,0.0,5.0,0.0,9.64,広島
11,26,中田廉,2300,4.74,23.0,0.0,0.0,19.0,0.0,0.0,0.0,0.0,6.0,16.0,7.58,14.0,10.0,20.0,3.0,12.0,1.0,5.68,広島
12,28,床田寛樹,2700,3.19,16.0,5.0,4.0,,0.556,1.0,1.0,0.0,1.0,80.0,8.24,32.0,31.0,91.0,5.0,24.0,2.0,2.47,広島
13,29,ケムナ誠,1600,4.58,40.0,2.0,2.0,,0.5,0.0,0.0,0.0,12.0,28.0,6.41,20.0,20.0,45.0,4.0,15.0,2.0,3.43,広島
14,30,一岡竜司,5600,,,,,,,,,,,,,,,,,,,,広島
15,34,高橋昂也,700,5.28,15.0,5.0,7.0,,0.417,0.0,0.0,0.0,0.0,54.0,6.63,44.0,43.0,85.0,9.0,24.0,2.0,2.95,広島
16,36,塹江敦哉,1900,4.25,51.0,5.0,4.0,,0.556,0.0,0.0,0.0,17.0,29.0,6.17,25.0,20.0,48.0,4.0,25.0,1.0,5.31,広島
17,39,菊池保則,2700,1.71,33.0,2.0,1.0,,0.667,0.0,0.0,0.0,3.0,25.0,7.11,7.0,6.0,31.0,3.0,13.0,3.0,3.69,広島
18,41,矢崎拓也,800,11.57,4.0,0.0,0.0,7.0,0.0,0.0,0.0,0.0,0.0,6.0,7.71,9.0,9.0,7.0,1.0,7.0,0.0,9.0,広島
19,42,カイル・バード,4150,4.57,33.0,0.0,0.0,,0.0,0.0,0.0,0.0,11.0,21.0,8.72,11.0,11.0,21.0,0.0,13.0,2.0,5.4,広島
20,43,島内颯太郎,1600,3.12,51.0,0.0,2.0,49.0,0.0,0.0,0.0,0.0,15.0,51.0,9.37,20.0,17.0,44.0,4.0,14.0,0.0,2.57,広島
21,46,高橋樹也,800,1.37,27.0,0.0,0.0,,0.0,0.0,0.0,0.0,0.0,16.0,5.47,10.0,4.0,20.0,3.0,10.0,1.0,3.42,広島
22,47,山口翔,700,,,,,,,,,,,,,,,,,,,,広島
23,48,アドゥワ誠,1650,,,,,,,,,,,,,,,,,,,,広島
24,52,鈴木寛人,550,,,,,,,,,,,,,,,,,,,,広島
25,53,小林樹斗,500,9.82,1.0,0.0,0.0,,0.0,0.0,0.0,0.0,0.0,6.0,14.73,6.0,4.0,6.0,0.0,2.0,0.0,4.91,広島
26,57,田中法彦,500,,,,,,,,,,,,,,,,,,,,広島
27,58,藤井黎來,500,12.71,5.0,0.0,0.0,,0.0,0.0,0.0,0.0,0.0,7.0,11.12,8.0,8.0,11.0,1.0,3.0,1.0,4.76,広島
28,64,中村恭平,1900,,,,,,,,,,,,,,,,,,,,広島
29,65,玉村昇悟,450,3.83,17.0,4.0,7.0,101.0,0.364,0.0,0.0,0.0,0.0,67.0,5.97,47.0,43.0,95.0,13.0,40.0,1.0,3.56,広島
30,66,遠藤淳志,2400,6.75,2.0,0.0,0.0,,0.0,0.0,0.0,0.0,0.0,11.0,14.85,6.0,5.0,9.0,2.0,6.0,1.0,8.1,広島
31,67,中村祐太,1500,11.08,3.0,0.0,3.0,13.0,0.0,0.0,0.0,0.0,0.0,6.0,4.15,17.0,16.0,21.0,3.0,5.0,0.0,3.46,広島
32,68,行木俊,550,,,,,,,,,,,,,,,,,,,,広島
33,70,テイラー・スコット,2080,,,,,,,,,,,,,,,,,,,,広島
34,97,ヘロニモ・フランスア,3980,9.53,8.0,1.0,2.0,,0.333,0.0,0.0,0.0,1.0,5.0,7.94,6.0,6.0,9.0,1.0,5.0,0.0,7.94,広島
35,99,ドビーダス・ネバラスカス,6450,10.12,1.0,0.0,1.0,,0.0,0.0,0.0,0.0,0.0,2.0,6.75,3.0,3.0,3.0,0.0,5.0,0.0,16.88,広島
36,120,畝章真,300,,,,,,,,,,,,,,,,,,,,広島
37,122,佐々木健,330,,,,,,,,,,,,,,,,,,,,広島
38,125,戸田隆矢,400,,,,,,,,,,,,,,,,,,,,広島
39,147,ロベルト・コルニエル,240,3.82,50.0,1.0,2.0,,0.333,0.0,0.0,0.0,10.0,79.0,11.59,31.0,26.0,56.0,8.0,28.0,3.0,4.11,広島
40,003,山川和大,350,,,,,,,,,,,,,,,,,,,,巨人
41,11,平内龍太,1600,14.4,3.0,0.0,1.0,5.0,0.0,0.0,0.0,0.0,0.0,5.0,9.0,8.0,8.0,8.0,2.0,2.0,0.0,3.6,巨人
42,011,笠島尚樹,360,,,,,,,,,,,,,,,,,,,,巨人
43,12,R.デラロサ,16000,2.83,46.0,1.0,0.0,,1.0,0.0,0.0,7.0,13.0,34.0,7.4,15.0,13.0,38.0,3.0,12.0,2.0,2.61,巨人
44,012,平井快青,260,,,,,,,,,,,,,,,,,,,,巨人
45,15,サンチェス,34000,4.68,14.0,5.0,5.0,73.0,0.5,0.0,0.0,0.0,0.0,54.0,6.66,40.0,38.0,82.0,13.0,23.0,3.0,2.84,巨人
46,17,大竹寛,4500,3.86,4.0,0.0,0.0,,0.0,0.0,0.0,0.0,1.0,0.0,0.0,1.0,1.0,5.0,0.0,0.0,0.0,0.0,巨人
47,017,奈良木陸,400,,,,,,,,,,,,,,,,,,,,巨人
48,18,菅野智之,80000,3.19,19.0,6.0,7.0,,0.462,2.0,1.0,0.0,0.0,102.0,7.94,41.0,41.0,90.0,15.0,25.0,7.0,1.95,巨人
49,018,木下幹也,360,,,,,,,,,,,,,,,,,,,,巨人
50,19,山崎伊織,1200,,,,,,,,,,,,,,,,,,,,巨人
51,019,田中優大,300,,,,,,,,,,,,,,,,,,,,巨人
52,20,戸郷翔征,2600,4.27,26.0,9.0,8.0,,0.529,1.0,0.0,0.0,0.0,138.0,8.19,75.0,72.0,130.0,19.0,58.0,6.0,3.44,巨人
53,020,戸田懐生,400,0.0,3.0,0.0,0.0,3.0,0.0,0.0,0.0,0.0,0.0,0.0,0.0,0.0,0.0,3.0,0.0,1.0,0.0,3.0,巨人
54,21,井納翔一,6100,14.4,5.0,0.0,1.0,5.0,0.0,0.0,0.0,0.0,0.0,5.0,9.0,8.0,8.0,11.0,3.0,1.0,0.0,1.8,巨人
55,23,野上亮磨,3000,1.65,9.0,0.0,1.0,,0.0,0.0,0.0,1.0,4.0,15.0,8.27,3.0,3.0,8.0,1.0,6.0,0.0,3.31,巨人
56,26,今村信貴,3000,2.71,17.0,3.0,4.0,63.0,0.429,1.0,1.0,0.0,0.0,59.0,8.43,21.0,19.0,66.0,5.0,22.0,3.0,3.14,巨人
57,029,鍬原拓也,1320,,,,,,,,,,,,,,,,,,,,巨人
58,30,鍵谷陽平,6500,3.19,59.0,3.0,0.0,,1.0,0.0,0.0,1.0,15.0,30.0,6.38,19.0,15.0,39.0,5.0,18.0,0.0,3.83,巨人
59,030,山崎友輔,400,,,,,,,,,,,,,,,,,,,,巨人
60,032,堀田賢慎,630,,,,,,,,,,,,,,,,,,,,巨人
61,33,太田龍,1080,,,,,,,,,,,,,,,,,,,,巨人
62,35,桜井俊貴,2400,5.4,29.0,1.0,0.0,,1.0,0.0,0.0,0.0,6.0,20.0,5.4,20.0,20.0,35.0,7.0,16.0,1.0,4.32,巨人
63,040,谷岡竜平,825,,,,,,,,,,,,,,,,,,,,巨人
64,41,中川皓太,7500,2.47,58.0,4.0,3.0,,0.571,0.0,0.0,1.0,25.0,49.0,8.07,17.0,15.0,47.0,2.0,10.0,5.0,1.65,巨人
65,42,C.C.メルセデス,4000,3.77,17.0,7.0,5.0,86.0,0.583,0.0,0.0,0.0,0.0,74.0,7.74,36.0,36.0,96.0,5.0,22.0,5.0,2.3,巨人
66,45,畠世周,2200,3.07,52.0,4.0,3.0,,0.571,0.0,0.0,1.0,11.0,97.0,9.03,37.0,33.0,83.0,13.0,25.0,4.0,2.33,巨人
67,046,與那原大剛,380,,,,,,,,,,,,,,,,,,,,巨人
68,47,高橋優貴,1920,3.39,27.0,11.0,9.0,,0.55,0.0,0.0,0.0,0.0,76.0,4.86,57.0,53.0,125.0,18.0,61.0,2.0,3.9,巨人
69,49,ビエイラ,7000,2.93,56.0,0.0,3.0,,0.0,0.0,0.0,19.0,1.0,64.0,10.41,18.0,18.0,38.0,3.0,26.0,1.0,4.23,巨人
70,50,戸根千明,1800,4.82,29.0,2.0,0.0,,1.0,0.0,0.0,1.0,0.0,36.0,8.68,20.0,20.0,25.0,4.0,24.0,3.0,5.79,巨人
71,051,阿部剣友,360,,,,,,,,,,,,,,,,,,,,巨人
72,53,高梨雄平,7000,3.69,55.0,2.0,2.0,39.0,0.5,0.0,0.0,1.0,20.0,47.0,10.85,17.0,16.0,34.0,2.0,21.0,5.0,4.85,巨人
73,054,直江大輔,750,4.91,4.0,0.0,1.0,11.0,0.0,0.0,0.0,1.0,0.0,4.0,3.27,6.0,6.0,15.0,1.0,4.0,2.0,3.27,巨人
74,56,伊藤優輔,1000,,,,,,,,,,,,,,,,,,,,巨人
75,057,高木京介,2500,4.42,15.0,1.0,0.0,,1.0,0.0,0.0,0.0,1.0,15.0,7.36,9.0,9.0,22.0,1.0,7.0,0.0,3.44,巨人
76,58,山本一輝,740,,,,,,,,,,,,,,,,,,,,巨人
77,59,田中豊樹,1400,2.84,39.0,0.0,0.0,38.0,0.0,0.0,0.0,0.0,2.0,37.0,8.76,13.0,12.0,22.0,5.0,20.0,1.0,4.74,巨人
78,62,横川凱,580,3.38,2.0,0.0,1.0,8.0,0.0,0.0,0.0,0.0,0.0,9.0,10.12,4.0,3.0,9.0,2.0,2.0,0.0,2.25,巨人
79,63,古川侑利,1300,18.0,1.0,0.0,0.0,2.0,0.0,0.0,0.0,0.0,0.0,0.0,0.0,4.0,4.0,3.0,1.0,3.0,1.0,13.5,巨人
80,64,大江竜聖,2200,4.09,47.0,0.0,0.0,33.0,0.0,0.0,0.0,0.0,13.0,23.0,6.27,16.0,15.0,29.0,2.0,17.0,2.0,4.64,巨人
81,91,井上温大,540,,,,,,,,,,,,,,,,,,,,巨人
82,92,沼田翔平,500,7.71,2.0,0.0,0.0,,0.0,0.0,0.0,0.0,0.0,3.0,11.57,2.0,2.0,3.0,1.0,1.0,0.0,3.86,巨人
83,95,堀岡隼人,700,,,,,,,,,,,,,,,,,,,,巨人
84,11,東克樹,3320,2.29,3.0,1.0,2.0,,0.333,0.0,0.0,0.0,0.0,20.0,9.15,5.0,5.0,10.0,1.0,4.0,0.0,1.83,DeNA
85,12,阪口皓亮,610,4.11,8.0,2.0,3.0,35.0,0.4,0.0,0.0,0.0,0.0,18.0,4.63,20.0,16.0,37.0,4.0,19.0,1.0,4.89,DeNA
86,13,伊勢大夢,2100,2.8,39.0,0.0,1.0,,0.0,0.0,0.0,0.0,6.0,38.0,9.68,11.0,11.0,30.0,0.0,15.0,1.0,3.82,DeNA
87,14,石田健大,8540,5.73,33.0,1.0,2.0,,0.333,0.0,0.0,0.0,2.0,39.0,9.32,24.0,24.0,44.0,4.0,18.0,2.0,4.3,DeNA
88,16,大貫晋一,5250,4.34,22.0,6.0,7.0,112.0,0.462,0.0,0.0,0.0,0.0,106.0,8.52,57.0,54.0,137.0,9.0,30.0,3.0,2.41,DeNA
89,17,三嶋一輝,11000,4.08,59.0,3.0,5.0,,0.375,0.0,0.0,23.0,1.0,57.0,8.95,31.0,26.0,66.0,8.0,12.0,0.0,1.88,DeNA
90,19,山崎康晃,28000,3.27,60.0,3.0,2.0,55.0,0.6,0.0,0.0,1.0,27.0,39.0,6.38,21.0,20.0,58.0,2.0,14.0,3.0,2.29,DeNA
91,20,坂本裕哉,1645,5.25,16.0,4.0,6.0,,0.4,0.0,0.0,0.0,0.0,46.0,5.89,43.0,41.0,89.0,9.0,22.0,3.0,2.82,DeNA
92,21,今永昇太,10000,3.08,19.0,5.0,5.0,120.0,0.5,1.0,0.0,0.0,0.0,110.0,8.25,43.0,41.0,97.0,16.0,26.0,4.0,1.95,DeNA
93,22,入江大生,1600,7.85,4.0,0.0,4.0,,0.0,0.0,0.0,0.0,0.0,14.0,6.87,18.0,16.0,22.0,4.0,5.0,1.0,2.45,DeNA
94,24,齋藤俊介,1010,,,,,,,,,,,,,,,,,,,,DeNA
95,26,濱口遥大,5500,3.94,17.0,5.0,7.0,,0.417,1.0,1.0,0.0,0.0,84.0,8.28,42.0,40.0,73.0,8.0,52.0,3.0,5.12,DeNA
96,27,上茶谷大河,4300,7.15,8.0,1.0,3.0,34.0,0.25,0.0,0.0,0.0,0.0,26.0,6.88,27.0,27.0,37.0,5.0,17.0,1.0,4.5,DeNA
97,28,勝又温史,620,,,,,,,,,,,,,,,,,,,,DeNA
98,30,飯塚悟史,850,,,,,,,,,,,,,,,,,,,,DeNA
99,34,平田真吾,2200,4.1,38.0,2.0,0.0,,1.0,0.0,0.0,1.0,3.0,34.0,7.34,21.0,19.0,41.0,6.0,21.0,2.0,4.54,DeNA
100,35,三上朋也,6375,3.86,40.0,2.0,1.0,35.0,0.667,0.0,0.0,0.0,3.0,25.0,6.43,15.0,15.0,36.0,5.0,9.0,1.0,2.31,DeNA
101,40,松本隆之介,560,,,,,,,,,,,,,,,,,,,,DeNA
102,41,櫻井周斗,765,3.07,30.0,0.0,1.0,41.0,0.0,0.0,0.0,0.0,1.0,37.0,8.12,15.0,14.0,36.0,3.0,29.0,0.0,6.37,DeNA
103,42,フェルナンド・ロメロ,7500,3.01,14.0,5.0,3.0,,0.625,1.0,1.0,0.0,0.0,44.0,4.91,38.0,27.0,89.0,4.0,30.0,5.0,3.35,DeNA
104,43,進藤拓也,660,0.0,2.0,0.0,0.0,1.0,0.0,0.0,0.0,0.0,0.0,1.0,9.0,0.0,0.0,0.0,0.0,1.0,2.0,9.0,DeNA
105,45,マイケル・ピープルズ,4800,4.21,18.0,3.0,4.0,47.0,0.429,0.0,0.0,0.0,0.0,41.0,7.85,23.0,22.0,41.0,5.0,14.0,2.0,2.68,DeNA
106,046,田中健二朗,1000,0.0,8.0,0.0,0.0,,0.0,0.0,0.0,0.0,0.0,6.0,11.57,0.0,0.0,3.0,0.0,2.0,1.0,3.86,DeNA
107,47,砂田毅樹,4370,3.24,58.0,2.0,2.0,,0.5,0.0,0.0,0.0,18.0,27.0,5.83,15.0,15.0,26.0,1.0,13.0,2.0,2.81,DeNA
108,48,京山将弥,1320,4.97,16.0,2.0,7.0,76.0,0.222,0.0,0.0,0.0,0.0,67.0,7.93,47.0,42.0,91.0,9.0,41.0,2.0,4.86,DeNA
109,049,ケビン・シャッケルフォード,370,5.17,32.0,1.0,0.0,,1.0,0.0,0.0,1.0,4.0,34.0,9.77,19.0,18.0,28.0,3.0,16.0,5.0,4.6,DeNA
110,53,池谷蒼大,720,0.0,6.0,0.0,0.0,,0.0,0.0,0.0,0.0,0.0,2.0,2.7,0.0,0.0,2.0,0.0,2.0,1.0,2.7,DeNA
111,54,浅田将汰,490,,,,,,,,,,,,,,,,,,,,DeNA
112,56,高田琢登,470,,,,,,,,,,,,,,,,,,,,DeNA
113,58,武藤祐太,2200,0.0,1.0,0.0,0.0,,0.0,0.0,0.0,0.0,0.0,1.0,27.0,0.0,0.0,0.0,0.0,0.0,0.0,0.0,DeNA
114,59,平良拳太郎,3300,0.9,2.0,0.0,0.0,10.0,0.0,0.0,0.0,0.0,0.0,6.0,5.4,1.0,1.0,6.0,0.0,3.0,0.0,2.7,DeNA
115,62,エドウィン・エスコバー,16000,3.38,61.0,4.0,4.0,,0.5,0.0,0.0,1.0,32.0,50.0,7.67,23.0,22.0,39.0,7.0,11.0,4.0,1.69,DeNA
116,64,風張蓮,1200,7.71,5.0,0.0,0.0,7.0,0.0,0.0,0.0,0.0,0.0,6.0,7.71,6.0,6.0,12.0,2.0,0.0,0.0,0.0,DeNA
117,92,国吉佑樹,5720,5.16,18.0,1.0,1.0,,0.5,0.0,0.0,0.0,0.0,37.0,11.22,18.0,17.0,24.0,1.0,13.0,1.0,3.94,DeNA
118,93,中川虎大,470,6.49,7.0,0.0,1.0,,0.0,0.0,0.0,0.0,0.0,24.0,8.2,22.0,19.0,32.0,3.0,15.0,0.0,5.13,DeNA
119,94,笠井崇正,570,54.0,1.0,0.0,0.0,1.0,0.0,0.0,0.0,0.0,0.0,1.0,9.0,6.0,6.0,5.0,1.0,2.0,1.0,18.0,DeNA
120,100,宮城滝太,370,,,,,,,,,,,,,,,,,,,,DeNA
121,101,石川達也,340,,,,,,,,,,,,,,,,,,,,DeNA
122,102,加藤大,340,,,,,,,,,,,,,,,,,,,,DeNA
123,107,レミー・コルデロ,240,,,,,,,,,,,,,,,,,,,,DeNA
124,109,ジョフレック・ディアス,240,,,,,,,,,,,,,,,,,,,,DeNA
125,110,スターリン・コルデロ,370,,,,,,,,,,,,,,,,,,,,DeNA
126,13,岩崎優,9500,2.65,62.0,3.0,4.0,,0.429,0.0,0.0,1.0,41.0,51.0,7.96,21.0,17.0,47.0,6.0,15.0,0.0,2.34,阪神
127,14,チェン・ウェイン,18000,3.86,2.0,1.0,0.0,,1.0,0.0,0.0,0.0,0.0,7.0,6.75,5.0,4.0,10.0,0.0,3.0,0.0,2.89,阪神
128,15,西純矢,1200,3.38,2.0,1.0,1.0,8.0,0.5,0.0,0.0,0.0,0.0,2.0,2.25,3.0,3.0,4.0,0.0,7.0,0.0,7.88,阪神
129,16,西勇輝,20000,3.76,24.0,6.0,9.0,,0.4,2.0,0.0,0.0,0.0,95.0,5.95,68.0,60.0,143.0,12.0,40.0,4.0,2.51,阪神
130,17,岩貞祐太,4700,4.66,46.0,4.0,0.0,,1.0,0.0,0.0,0.0,12.0,33.0,7.68,21.0,20.0,42.0,4.0,14.0,3.0,3.26,阪神
131,18,馬場皐輔,2100,3.8,44.0,3.0,0.0,,1.0,0.0,0.0,0.0,10.0,39.0,7.42,23.0,20.0,43.0,5.0,17.0,0.0,3.23,阪神
132,19,藤浪晋太郎,6000,5.21,21.0,3.0,3.0,,0.5,0.0,0.0,0.0,4.0,52.0,9.68,29.0,28.0,47.0,4.0,40.0,4.0,7.45,阪神
133,20,中田賢一,1750,,,,,,,,,,,,,,,,,,,,阪神
134,21,岩田稔,1860,0.0,3.0,0.0,0.0,3.0,0.0,0.0,0.0,0.0,0.0,3.0,9.0,0.0,0.0,3.0,0.0,0.0,1.0,0.0,阪神
135,27,伊藤将司,1300,2.44,23.0,10.0,7.0,,0.588,1.0,0.0,0.0,1.0,79.0,5.07,42.0,38.0,119.0,15.0,34.0,3.0,2.18,阪神
136,28,小野泰己,1700,7.98,12.0,0.0,0.0,,0.0,0.0,0.0,0.0,0.0,14.0,8.59,13.0,13.0,17.0,1.0,8.0,1.0,4.91,阪神
137,29,高橋遥人,2900,1.65,7.0,4.0,2.0,49.0,0.667,2.0,2.0,0.0,0.0,55.0,10.1,10.0,9.0,30.0,1.0,5.0,0.0,0.92,阪神
138,30,佐藤蓮,1000,,,,,,,,,,,,,,,,,,,,阪神
139,34,谷川昌希,950,,,,,,,,,,,,,,,,,,,,阪神
140,36,浜地真澄,700,4.5,4.0,0.0,0.0,6.0,0.0,0.0,0.0,0.0,0.0,6.0,9.0,3.0,3.0,8.0,0.0,2.0,0.0,3.0,阪神
141,37,及川雅貴,600,3.69,39.0,2.0,3.0,39.0,0.4,0.0,0.0,0.0,10.0,38.0,8.77,18.0,16.0,31.0,4.0,24.0,2.0,5.54,阪神
142,40,尾仲祐哉,850,,,,,,,,,,,,,,,,,,,,阪神
143,41,村上頌樹,720,16.88,2.0,0.0,1.0,,0.0,0.0,0.0,0.0,0.0,0.0,0.0,10.0,10.0,9.0,3.0,5.0,0.0,8.44,阪神
144,42,ジョン・エドワーズ,7200,2.57,7.0,0.0,0.0,7.0,0.0,0.0,0.0,0.0,0.0,7.0,9.0,3.0,2.0,6.0,1.0,4.0,0.0,5.14,阪神
145,43,守屋功輝,1750,12.0,2.0,0.0,0.0,3.0,0.0,0.0,0.0,0.0,0.0,3.0,9.0,4.0,4.0,5.0,1.0,1.0,1.0,3.0,阪神
146,44,ラウル・アルカンタラ,21000,3.49,24.0,3.0,3.0,,0.5,0.0,0.0,0.0,6.0,48.0,7.28,25.0,23.0,55.0,6.0,14.0,0.0,2.12,阪神
147,46,秋山拓巳,5100,2.71,24.0,10.0,7.0,,0.588,1.0,0.0,0.0,0.0,107.0,7.26,43.0,40.0,121.0,18.0,25.0,3.0,1.7,阪神
148,47,川原陸,460,,,,,,,,,,,,,,,,,,,,阪神
149,48,齋藤友貴哉,850,4.63,19.0,1.0,1.0,,0.5,0.0,0.0,0.0,1.0,26.0,10.03,14.0,12.0,23.0,1.0,12.0,0.0,4.63,阪神
150,49,ジョー・ガンケル,7700,2.95,20.0,9.0,3.0,113.0,0.75,0.0,0.0,0.0,0.0,87.0,6.93,39.0,37.0,99.0,10.0,24.0,3.0,1.91,阪神
151,50,青柳晃洋,5000,2.48,25.0,13.0,6.0,,0.684,0.0,0.0,0.0,0.0,104.0,5.99,48.0,43.0,143.0,11.0,48.0,3.0,2.76,阪神
152,54,加治屋蓮,2000,7.94,7.0,1.0,2.0,,0.333,0.0,0.0,0.0,1.0,3.0,4.76,6.0,5.0,7.0,1.0,1.0,1.0,1.59,阪神
153,56,小林慶祐,1300,2.25,22.0,0.0,1.0,20.0,0.0,0.0,0.0,0.0,4.0,16.0,7.2,8.0,5.0,17.0,1.0,11.0,0.0,4.95,阪神
154,61,望月惇志,1150,,,,,,,,,,,,,,,,,,,,阪神
155,64,桑原謙太朗,2400,9.0,7.0,0.0,0.0,7.0,0.0,0.0,0.0,0.0,0.0,7.0,9.0,7.0,7.0,8.0,2.0,4.0,1.0,5.14,阪神
156,65,湯浅京己,450,18.0,3.0,0.0,0.0,3.0,0.0,0.0,0.0,0.0,0.0,2.0,6.0,7.0,6.0,10.0,0.0,2.0,0.0,6.0,阪神
157,66,小川一平,950,2.95,19.0,1.0,0.0,,1.0,0.0,0.0,0.0,2.0,19.0,8.02,7.0,7.0,15.0,2.0,7.0,0.0,2.95,阪神
158,69,石井大智,550,6.23,18.0,0.0,1.0,,0.0,0.0,0.0,0.0,0.0,16.0,8.31,12.0,12.0,17.0,3.0,6.0,0.0,3.12,阪神
159,75,ロベルト・スアレス,25750,1.16,62.0,1.0,1.0,,0.5,0.0,0.0,42.0,0.0,58.0,8.37,9.0,8.0,40.0,0.0,8.0,0.0,1.16,阪神
160,92,伊藤和雄,800,,,,,,,,,,,,,,,,,,,,阪神
161,93,石井将希,300,,,,,,,,,,,,,,,,,,,,阪神
162,120,島本浩也,2800,,,,,,,,,,,,,,,,,,,,阪神
163,121,才木浩人,980,,,,,,,,,,,,,,,,,,,,阪神
164,122,岩田将貴,300,,,,,,,,,,,,,,,,,,,,阪神
165,123,鈴木翔太,500,,,,,,,,,,,,,,,,,,,,阪神
166,126,牧丈一郎,450,,,,,,,,,,,,,,,,,,,,阪神
167,11,奥川恭伸,1600,3.26,18.0,9.0,4.0,105.0,0.692,0.0,0.0,0.0,0.0,91.0,7.8,38.0,38.0,99.0,11.0,10.0,2.0,0.86,ヤクルト
168,12,石山泰稚,15000,3.6,58.0,0.0,5.0,55.0,0.0,0.0,0.0,10.0,9.0,64.0,10.47,23.0,22.0,54.0,6.0,10.0,0.0,1.64,ヤクルト
169,12,近藤弘樹,450,0.96,22.0,0.0,1.0,,0.0,0.0,0.0,0.0,11.0,17.0,8.2,2.0,2.0,15.0,1.0,2.0,0.0,0.96,ヤクルト
170,14,高梨裕稔,3700,3.63,12.0,4.0,1.0,62.0,0.8,0.0,0.0,0.0,0.0,56.0,8.13,28.0,25.0,62.0,11.0,15.0,3.0,2.18,ヤクルト
171,014,小澤怜史,400,,,,,,,,,,,,,,,,,,,,ヤクルト
172,15,リック・バンデンハーク,0,15.43,2.0,0.0,1.0,,0.0,0.0,0.0,0.0,0.0,4.0,7.71,8.0,8.0,11.0,2.0,2.0,1.0,3.86,ヤクルト
173,16,原樹理,2600,2.3,9.0,3.0,1.0,47.0,0.75,0.0,0.0,0.0,0.0,25.0,4.79,14.0,12.0,45.0,0.0,12.0,4.0,2.3,ヤクルト
174,17,清水昇,3600,2.39,72.0,3.0,6.0,,0.333,0.0,0.0,1.0,50.0,74.0,9.84,23.0,18.0,55.0,12.0,18.0,2.0,2.39,ヤクルト
175,017,丸山翔大,280,,,,,,,,,,,,,,,,,,,,ヤクルト
176,18,寺島成輝,1100,4.5,1.0,0.0,0.0,2.0,0.0,0.0,0.0,0.0,0.0,0.0,0.0,1.0,1.0,5.0,0.0,0.0,0.0,0.0,ヤクルト
177,19,石川雅規,9000,3.07,17.0,4.0,5.0,82.0,0.444,1.0,0.0,0.0,0.0,54.0,5.93,31.0,28.0,81.0,10.0,16.0,3.0,1.76,ヤクルト
178,019,下慎之介,280,,,,,,,,,,,,,,,,,,,,ヤクルト
179,20,木澤尚文,1400,,,,,,,,,,,,,,,,,,,,ヤクルト
180,21,山野太一,1100,47.25,1.0,0.0,0.0,,0.0,0.0,0.0,0.0,0.0,3.0,20.25,7.0,7.0,5.0,0.0,2.0,1.0,13.5,ヤクルト
181,24,星知弥,1700,4.81,25.0,0.0,0.0,,0.0,0.0,0.0,1.0,7.0,28.0,10.36,14.0,13.0,23.0,2.0,11.0,0.0,4.07,ヤクルト
182,26,坂本光士郎,880,4.05,36.0,1.0,2.0,,0.333,0.0,0.0,0.0,7.0,25.0,6.75,17.0,15.0,29.0,4.0,17.0,3.0,4.59,ヤクルト
183,28,吉田大喜,1500,6.17,16.0,1.0,1.0,,0.5,0.0,0.0,0.0,0.0,26.0,10.03,17.0,16.0,31.0,5.0,12.0,0.0,4.63,ヤクルト
184,29,小川泰弘,18750,4.14,23.0,9.0,6.0,,0.6,2.0,1.0,0.0,0.0,97.0,6.8,64.0,59.0,132.0,15.0,30.0,1.0,2.1,ヤクルト
185,34,田口麗斗,7000,4.02,33.0,5.0,9.0,,0.357,0.0,0.0,0.0,4.0,81.0,7.24,59.0,45.0,126.0,10.0,28.0,2.0,2.5,ヤクルト
186,35,杉山晃基,750,9.95,4.0,0.0,0.0,,0.0,0.0,0.0,0.0,0.0,4.0,5.68,7.0,7.0,9.0,2.0,2.0,1.0,2.84,ヤクルト
187,37,スコット・マクガフ,10500,2.52,66.0,3.0,2.0,,0.6,0.0,0.0,31.0,14.0,76.0,10.63,19.0,18.0,43.0,7.0,23.0,3.0,3.22,ヤクルト
188,38,梅野雄吾,2900,2.49,29.0,0.0,0.0,,0.0,0.0,0.0,0.0,8.0,29.0,10.3,7.0,7.0,22.0,4.0,9.0,2.0,3.2,ヤクルト
189,40,市川悠太,550,,,,,,,,,,,,,,,,,,,,ヤクルト
190,43,アルバート・スアレス,5250,3.62,24.0,5.0,3.0,77.0,0.625,0.0,0.0,1.0,3.0,70.0,8.18,32.0,31.0,82.0,9.0,32.0,5.0,3.74,ヤクルト
191,44,大西広樹,780,2.82,33.0,3.0,0.0,,1.0,0.0,0.0,0.0,7.0,24.0,5.63,12.0,12.0,36.0,4.0,12.0,2.0,2.82,ヤクルト
192,47,高橋奎二,1450,2.87,14.0,4.0,1.0,,0.8,0.0,0.0,0.0,0.0,80.0,9.19,25.0,25.0,59.0,9.0,25.0,6.0,2.87,ヤクルト
193,48,金久保優斗,580,2.74,10.0,4.0,1.0,,0.8,0.0,0.0,0.0,0.0,34.0,7.17,14.0,13.0,39.0,3.0,16.0,2.0,3.38,ヤクルト
194,53,長谷川宙輝,1050,10.8,4.0,1.0,0.0,,1.0,0.0,0.0,0.0,0.0,3.0,8.1,5.0,4.0,4.0,2.0,3.0,0.0,8.1,ヤクルト
195,54,サイスニード,8400,3.41,13.0,6.0,2.0,,0.75,0.0,0.0,0.0,0.0,69.0,9.04,29.0,26.0,60.0,9.0,23.0,2.0,3.01,ヤクルト
196,56,鈴木裕太,480,,,,,,,,,,,,,,,,,,,,ヤクルト
197,61,久保拓眞,700,,,,,,,,,,,,,,,,,,,,ヤクルト
198,62,歳内宏明,800,,,,,,,,,,,,,,,,,,,,ヤクルト
199,63,中尾輝,1200,,,,,,,,,,,,,,,,,,,,ヤクルト
200,64,大下佑馬,1200,3.72,30.0,1.0,0.0,,1.0,0.0,0.0,0.0,1.0,32.0,7.45,16.0,16.0,34.0,5.0,8.0,2.0,1.86,ヤクルト
201,67,嘉手苅浩太,500,,,,,,,,,,,,,,,,,,,,ヤクルト
202,68,宮台康平,600,,,,,,,,,,,,,,,,,,,,ヤクルト
203,69,今野龍太,800,2.76,64.0,7.0,1.0,62.0,0.875,0.0,0.0,0.0,28.0,63.0,9.15,19.0,19.0,55.0,1.0,25.0,3.0,3.63,ヤクルト
204,99,蔵本治孝,600,,,,,,,,,,,,,,,,,,,,ヤクルト
205,11,小笠原慎之介,1450,3.64,25.0,8.0,10.0,,0.444,0.0,0.0,0.0,0.0,115.0,7.22,60.0,58.0,141.0,16.0,51.0,4.0,3.2,中日
206,12,田島慎二,1500,2.45,22.0,2.0,1.0,,0.667,0.0,0.0,0.0,8.0,22.0,10.8,5.0,5.0,15.0,0.0,6.0,0.0,2.95,中日
207,13,橋本侑樹,1050,3.71,28.0,0.0,0.0,,0.0,0.0,0.0,0.0,1.0,28.0,9.45,11.0,11.0,26.0,0.0,8.0,1.0,2.7,中日
208,14,谷元圭介,5400,2.01,32.0,1.0,1.0,,0.5,0.0,0.0,0.0,14.0,18.0,7.25,6.0,5.0,23.0,3.0,1.0,1.0,0.4,中日
209,16,又吉克樹,4200,1.28,66.0,3.0,2.0,,0.6,0.0,0.0,8.0,33.0,41.0,5.83,11.0,9.0,47.0,2.0,22.0,1.0,3.13,中日
210,17,柳裕也,4100,2.2,26.0,11.0,6.0,172.0,0.647,2.0,2.0,0.0,0.0,168.0,8.79,47.0,42.0,133.0,11.0,41.0,3.0,2.15,中日
211,18,梅津晃大,1500,1.59,3.0,0.0,1.0,,0.0,0.0,0.0,0.0,0.0,7.0,5.56,3.0,2.0,6.0,0.0,10.0,2.0,7.94,中日
212,19,高橋宏斗,1600,,,,,,,,,,,,,,,,,,,,中日
213,21,岡田俊哉,3150,4.86,19.0,0.0,1.0,,0.0,0.0,0.0,0.0,0.0,10.0,5.4,9.0,9.0,23.0,1.0,6.0,0.0,3.24,中日
214,22,大野雄大,30000,2.95,22.0,7.0,11.0,,0.389,1.0,0.0,0.0,0.0,118.0,7.41,48.0,47.0,121.0,12.0,26.0,2.0,1.63,中日
215,24,福谷浩司,2900,4.53,18.0,5.0,10.0,,0.333,1.0,0.0,0.0,0.0,73.0,6.36,55.0,52.0,112.0,10.0,17.0,1.0,1.48,中日
216,25,佐藤優,1430,13.5,4.0,0.0,0.0,,0.0,0.0,0.0,0.0,0.0,4.0,6.75,11.0,8.0,13.0,1.0,2.0,0.0,3.38,中日
217,28,森博人,1200,3.0,10.0,0.0,0.0,12.0,0.0,0.0,0.0,0.0,0.0,15.0,11.25,4.0,4.0,11.0,0.0,9.0,3.0,6.75,中日
218,29,山井大介,2790,0.0,1.0,0.0,0.0,,0.0,0.0,0.0,0.0,0.0,1.0,27.0,0.0,0.0,0.0,0.0,0.0,0.0,0.0,中日
219,33,祖父江大輔,7000,2.59,55.0,1.0,2.0,,0.333,0.0,0.0,5.0,19.0,30.0,5.55,18.0,14.0,59.0,1.0,9.0,1.0,1.66,中日
220,34,福敬登,4600,3.18,57.0,2.0,2.0,,0.5,0.0,0.0,0.0,20.0,38.0,7.54,16.0,16.0,37.0,4.0,15.0,3.0,2.98,中日
221,36,岡野祐一郎,1100,9.0,2.0,0.0,2.0,8.0,0.0,0.0,0.0,0.0,0.0,3.0,3.38,10.0,8.0,13.0,0.0,2.0,1.0,2.25,中日
222,38,松葉貴大,2500,3.2,14.0,6.0,5.0,76.0,0.545,0.0,0.0,0.0,0.0,41.0,4.86,30.0,27.0,74.0,7.0,15.0,2.0,1.78,中日
223,40,石川翔,637,,,,,,,,,,,,,,,,,,,,中日
224,41,勝野昌慶,1650,3.74,17.0,3.0,6.0,,0.333,0.0,0.0,0.0,0.0,67.0,6.6,38.0,38.0,92.0,9.0,31.0,2.0,3.05,中日
225,42,ロサリオ,5000,,,,,,,,,,,,,,,,,,,,中日
226,43,三ツ間卓也,1200,6.75,5.0,0.0,0.0,,0.0,0.0,0.0,0.0,0.0,6.0,10.12,5.0,4.0,10.0,1.0,1.0,0.0,1.69,中日
227,46,鈴木博志,1650,5.31,18.0,2.0,0.0,,1.0,0.0,0.0,0.0,0.0,11.0,4.87,12.0,12.0,22.0,2.0,5.0,2.0,2.21,中日
228,47,笠原祥太郎,1250,6.3,4.0,0.0,2.0,20.0,0.0,0.0,0.0,0.0,0.0,13.0,5.85,14.0,14.0,20.0,4.0,17.0,0.0,7.65,中日
229,50,清水達也,800,2.25,1.0,0.0,1.0,4.0,0.0,0.0,0.0,0.0,0.0,1.0,2.25,1.0,1.0,5.0,0.0,4.0,0.0,9.0,中日
230,53,マルク,420,,,,,,,,,,,,,,,,,,,,中日
231,54,藤嶋健人,1840,1.59,48.0,1.0,0.0,51.0,1.0,0.0,0.0,0.0,5.0,38.0,6.71,9.0,9.0,35.0,3.0,13.0,0.0,2.29,中日
232,59,山本拓実,1056,6.43,9.0,1.0,0.0,14.0,1.0,0.0,0.0,0.0,0.0,12.0,7.71,10.0,10.0,16.0,1.0,8.0,1.0,5.14,中日
233,64,福島章太,550,,,,,,,,,,,,,,,,,,,,中日
234,65,加藤翼,550,,,,,,,,,,,,,,,,,,,,中日
235,67,ヤリエル・ロドリゲス,6000,3.65,12.0,1.0,4.0,,0.2,0.0,0.0,0.0,0.0,61.0,8.9,29.0,25.0,56.0,8.0,38.0,5.0,5.55,中日
236,69,濱田達郎,550,,,,,,,,,,,,,,,,,,,,中日
237,97,ライデル・マルティネス,6000,2.06,49.0,1.0,4.0,48.0,0.2,0.0,0.0,23.0,0.0,59.0,11.06,11.0,11.0,26.0,1.0,10.0,1.0,1.88,中日
238,98,木下雄介,970,,,,,,,,,,,,,,,,,,,,中日
239,201,竹内龍臣,550,,,,,,,,,,,,,,,,,,,,中日
240,202,近藤廉,300,4.5,2.0,0.0,0.0,2.0,0.0,0.0,0.0,0.0,0.0,2.0,9.0,1.0,1.0,1.0,0.0,3.0,0.0,13.5,中日
241,203,上田洸太朗,300,,,,,,,,,,,,,,,,,,,,中日
242,204,丸山泰資,540,,,,,,,,,,,,,,,,,,,,中日
243,206,松木平優太,300,,,,,,,,,,,,,,,,,,,,中日
244,207,松田亘哲,300,,,,,,,,,,,,,,,,,,,,中日
245,208,垣越建伸,550,,,,,,,,,,,,,,,,,,,,中日
246,1,斎藤佑樹,1250,0.0,1.0,0.0,0.0,0.0,0.0,0.0,0.0,0.0,0.0,0.0,0.0,0.0,0.0,0.0,0.0,1.0,0.0,0.0,日本ハム
247,13,生田目翼,920,1.5,1.0,1.0,0.0,6.0,1.0,0.0,0.0,0.0,0.0,5.0,7.5,1.0,1.0,1.0,0.0,3.0,1.0,4.5,日本ハム
248,14,加藤貴之,5400,3.42,25.0,6.0,7.0,150.0,0.462,1.0,1.0,0.0,0.0,102.0,6.12,61.0,57.0,136.0,13.0,21.0,3.0,1.26,日本ハム
249,15,上沢直之,8500,2.81,24.0,12.0,6.0,,0.667,1.0,0.0,0.0,0.0,135.0,7.58,53.0,50.0,119.0,8.0,48.0,4.0,2.69,日本ハム
250,17,伊藤大海,1500,2.9,23.0,10.0,9.0,146.0,0.526,1.0,1.0,0.0,0.0,141.0,8.69,51.0,47.0,125.0,8.0,53.0,6.0,3.27,日本ハム
251,18,吉田輝星,1030,9.0,1.0,0.0,1.0,2.0,0.0,0.0,0.0,0.0,0.0,2.0,9.0,7.0,2.0,4.0,1.0,3.0,0.0,13.5,日本ハム
252,19,金子弌大,3500,6.21,8.0,0.0,4.0,,0.0,0.0,0.0,0.0,0.0,22.0,5.94,23.0,23.0,42.0,4.0,13.0,3.0,3.51,日本ハム
253,20,上原健太,1700,3.97,11.0,0.0,0.0,,0.0,0.0,0.0,0.0,0.0,11.0,8.74,5.0,5.0,8.0,0.0,6.0,0.0,4.76,日本ハム
254,25,宮西尚生,25000,3.65,50.0,1.0,2.0,,0.333,0.0,0.0,0.0,15.0,49.0,9.95,20.0,18.0,42.0,3.0,15.0,4.0,3.05,日本ハム
255,28,河野竜生,1750,2.99,40.0,3.0,6.0,,0.333,0.0,0.0,0.0,9.0,68.0,6.77,35.0,30.0,74.0,7.0,31.0,4.0,3.09,日本ハム
256,29,井口和朋,2600,1.86,43.0,1.0,2.0,,0.333,0.0,0.0,0.0,11.0,33.0,7.68,11.0,8.0,24.0,4.0,10.0,2.0,2.33,日本ハム
257,31,村田透,1600,9.31,8.0,0.0,0.0,,0.0,0.0,0.0,0.0,0.0,5.0,4.66,10.0,10.0,18.0,1.0,9.0,0.0,8.38,日本ハム
258,33,立野和明,1000,2.45,11.0,4.0,3.0,55.0,0.571,0.0,0.0,0.0,0.0,47.0,7.69,16.0,15.0,39.0,3.0,23.0,3.0,3.76,日本ハム
259,34,堀瑞輝,2800,2.36,60.0,3.0,2.0,,0.6,0.0,0.0,0.0,39.0,56.0,9.45,14.0,14.0,36.0,3.0,30.0,4.0,5.06,日本ハム
260,35,西村天裕,1900,3.48,27.0,0.0,0.0,31.0,0.0,0.0,0.0,0.0,1.0,32.0,9.29,16.0,12.0,33.0,2.0,12.0,3.0,3.48,日本ハム
261,36,ドリュー・バーヘイゲン,13000,3.84,20.0,5.0,8.0,96.0,0.385,0.0,0.0,0.0,0.0,100.0,9.38,45.0,41.0,90.0,7.0,33.0,6.0,3.09,日本ハム
262,37,柿木蓮,520,,,,,,,,,,,,,,,,,,,,日本ハム
263,39,秋吉亮,5000,2.7,10.0,0.0,0.0,10.0,0.0,0.0,0.0,0.0,0.0,8.0,7.2,3.0,3.0,7.0,0.0,4.0,0.0,3.6,日本ハム
264,40,福田俊,1250,11.57,5.0,0.0,0.0,,0.0,0.0,0.0,0.0,0.0,3.0,5.79,8.0,6.0,9.0,1.0,1.0,0.0,1.93,日本ハム
265,41,ブライアン・ロドリゲス,4000,2.74,47.0,0.0,2.0,46.0,0.0,0.0,0.0,3.0,24.0,34.0,6.65,17.0,14.0,40.0,4.0,20.0,3.0,3.91,日本ハム
266,43,長谷川凌汰,300,7.36,5.0,0.0,0.0,,0.0,0.0,0.0,0.0,2.0,1.0,2.45,3.0,3.0,2.0,0.0,3.0,0.0,7.36,日本ハム
267,44,ロビー・アーリン,8000,3.32,11.0,2.0,3.0,38.0,0.4,0.0,0.0,0.0,0.0,33.0,7.82,15.0,14.0,40.0,3.0,11.0,2.0,2.61,日本ハム
268,46,田中瑛斗,560,,,,,,,,,,,,,,,,,,,,日本ハム
269,47,鈴木健矢,880,4.19,21.0,0.0,0.0,,0.0,0.0,0.0,0.0,0.0,11.0,5.12,10.0,9.0,17.0,1.0,7.0,3.0,3.26,日本ハム
270,49,公文克彦,5000,3.68,10.0,0.0,0.0,,0.0,0.0,0.0,0.0,0.0,6.0,7.36,3.0,3.0,12.0,1.0,2.0,1.0,2.45,日本ハム
271,51,石川直也,4500,,,,,,,,,,,,,,,,,,,,日本ハム
272,52,池田隆英,650,3.94,18.0,3.0,10.0,,0.231,0.0,0.0,0.0,1.0,52.0,5.68,42.0,36.0,88.0,11.0,35.0,5.0,3.83,日本ハム
273,54,玉井大翔,5600,3.16,50.0,0.0,0.0,,0.0,0.0,0.0,0.0,8.0,23.0,4.85,18.0,15.0,41.0,2.0,19.0,4.0,4.01,日本ハム
274,57,杉浦稔大,3700,2.96,56.0,3.0,3.0,,0.5,0.0,0.0,28.0,1.0,69.0,11.36,18.0,18.0,34.0,9.0,24.0,1.0,3.95,日本ハム
275,59,根本悠楓,520,,,,,,,,,,,,,,,,,,,,日本ハム
276,62,望月大希,790,2.25,2.0,0.0,0.0,4.0,0.0,0.0,0.0,0.0,0.0,1.0,2.25,1.0,1.0,2.0,0.0,3.0,0.0,6.75,日本ハム
277,63,北浦竜次,720,3.38,3.0,0.0,0.0,,0.0,0.0,0.0,0.0,0.0,4.0,6.75,2.0,2.0,5.0,1.0,2.0,0.0,3.38,日本ハム
278,114,松本遼大,260,,,,,,,,,,,,,,,,,,,,日本ハム
279,115,齊藤伸治,260,,,,,,,,,,,,,,,,,,,,日本ハム
280,148,高山優希,440,,,,,,,,,,,,,,,,,,,,日本ハム
281,150,鈴木遼太郎,440,,,,,,,,,,,,,,,,,,,,日本ハム
282,2,スチュワート・ジュニア,11000,6.08,11.0,0.0,2.0,,0.0,0.0,0.0,0.0,1.0,36.0,13.69,18.0,16.0,21.0,0.0,21.0,1.0,7.99,ソフトバンク
283,10,大竹耕太郎,2400,15.75,2.0,0.0,1.0,4.0,0.0,0.0,0.0,0.0,1.0,1.0,2.25,7.0,7.0,7.0,0.0,3.0,0.0,6.75,ソフトバンク
284,11,津森宥紀,1300,2.18,45.0,1.0,0.0,33.0,1.0,0.0,0.0,0.0,11.0,43.0,11.73,8.0,8.0,24.0,2.0,8.0,2.0,2.18,ソフトバンク
285,13,二保旭,2800,4.76,2.0,0.0,1.0,,0.0,0.0,0.0,0.0,0.0,8.0,6.35,7.0,6.0,12.0,0.0,5.0,1.0,3.97,ソフトバンク
286,16,東浜巨,9000,3.7,14.0,4.0,4.0,,0.5,0.0,0.0,0.0,0.0,61.0,7.29,36.0,31.0,85.0,7.0,22.0,3.0,2.63,ソフトバンク
287,17,岩嵜翔,6800,4.17,48.0,2.0,5.0,,0.286,0.0,0.0,6.0,14.0,56.0,11.12,21.0,21.0,37.0,7.0,11.0,0.0,2.18,ソフトバンク
288,18,武田翔太,6000,2.68,12.0,4.0,5.0,,0.444,1.0,0.0,0.0,0.0,73.0,8.5,23.0,23.0,66.0,7.0,24.0,2.0,2.79,ソフトバンク
289,20,甲斐野央,3800,4.35,22.0,0.0,2.0,,0.0,0.0,0.0,1.0,4.0,25.0,10.89,10.0,10.0,16.0,3.0,10.0,2.0,4.35,ソフトバンク
290,21,和田毅,15000,4.48,18.0,5.0,6.0,,0.455,0.0,0.0,0.0,0.0,83.0,7.92,49.0,47.0,95.0,14.0,27.0,3.0,2.58,ソフトバンク
291,25,田中正義,1200,2.16,18.0,0.0,0.0,,0.0,0.0,0.0,0.0,1.0,14.0,7.56,5.0,4.0,9.0,2.0,8.0,0.0,4.32,ソフトバンク
292,26,コリン・レイ,10000,2.02,6.0,3.0,1.0,40.0,0.75,1.0,1.0,0.0,0.0,38.0,8.55,10.0,9.0,22.0,3.0,13.0,3.0,2.92,ソフトバンク
293,28,高橋礼,6750,5.82,11.0,1.0,1.0,34.0,0.5,0.0,0.0,0.0,0.0,14.0,3.71,25.0,22.0,31.0,3.0,32.0,6.0,8.47,ソフトバンク
294,29,石川柊太,8000,3.4,28.0,6.0,9.0,,0.4,0.0,0.0,0.0,0.0,134.0,7.71,70.0,59.0,135.0,22.0,51.0,17.0,2.94,ソフトバンク
295,34,椎野新,2400,,,,,,,,,,,,,,,,,,,,ソフトバンク
296,35,リバン・モイネロ,15000,1.15,33.0,1.0,0.0,,1.0,0.0,0.0,5.0,14.0,42.0,12.06,6.0,4.0,15.0,2.0,19.0,1.0,5.46,ソフトバンク
297,37,ニック・マルティネス,0,1.6,21.0,9.0,4.0,,0.692,0.0,0.0,0.0,0.0,138.0,8.83,25.0,25.0,108.0,6.0,38.0,5.0,2.43,ソフトバンク
298,38,森唯斗,46000,4.03,30.0,1.0,3.0,29.0,0.25,0.0,0.0,15.0,0.0,26.0,8.07,13.0,13.0,20.0,6.0,10.0,0.0,3.1,ソフトバンク
299,39,尾形崇斗,600,0.87,8.0,0.0,0.0,,0.0,0.0,0.0,0.0,0.0,9.0,7.84,1.0,1.0,3.0,1.0,2.0,0.0,1.74,ソフトバンク
300,40,杉山一樹,1100,3.2,15.0,2.0,2.0,,0.5,0.0,0.0,0.0,1.0,29.0,10.3,9.0,9.0,13.0,1.0,31.0,2.0,11.01,ソフトバンク
301,41,千賀滉大,40000,2.66,13.0,10.0,3.0,,0.769,0.0,0.0,0.0,0.0,90.0,9.57,25.0,25.0,60.0,2.0,27.0,2.0,2.87,ソフトバンク
302,47,高橋純平,3000,0.0,10.0,1.0,1.0,11.0,0.5,0.0,0.0,0.0,2.0,9.0,7.36,1.0,0.0,6.0,0.0,6.0,1.0,4.91,ソフトバンク
303,48,渡邉雄大,600,4.5,6.0,0.0,0.0,4.0,0.0,0.0,0.0,0.0,1.0,4.0,9.0,2.0,2.0,6.0,0.0,1.0,0.0,2.25,ソフトバンク
304,49,古谷優人,720,2.02,13.0,1.0,1.0,,0.5,0.0,0.0,0.0,2.0,13.0,8.78,4.0,3.0,7.0,0.0,7.0,1.0,4.72,ソフトバンク
305,50,板東湧梧,1500,2.52,44.0,0.0,2.0,,0.0,0.0,0.0,1.0,16.0,41.0,9.38,13.0,11.0,28.0,4.0,17.0,2.0,3.89,ソフトバンク
306,53,泉圭輔,2800,2.73,31.0,1.0,2.0,,0.333,0.0,0.0,0.0,6.0,30.0,10.25,10.0,8.0,20.0,4.0,13.0,3.0,4.44,ソフトバンク
307,56,田浦文丸,560,3.38,19.0,1.0,0.0,,1.0,0.0,0.0,0.0,1.0,17.0,7.17,8.0,8.0,22.0,1.0,7.0,0.0,2.95,ソフトバンク
308,57,嘉弥真新也,14000,4.71,58.0,1.0,0.0,,1.0,0.0,0.0,0.0,19.0,27.0,8.48,16.0,15.0,22.0,2.0,13.0,1.0,4.08,ソフトバンク
309,58,デニス・サファテ,70000,,,,,,,,,,,,,,,,,,,,ソフトバンク
310,61,奥村政稔,1000,,,,,,,,,,,,,,,,,,,,ソフトバンク
311,63,川原弘之,1300,7.71,3.0,0.0,0.0,,0.0,0.0,0.0,0.0,0.0,2.0,7.71,2.0,2.0,3.0,0.0,3.0,1.0,11.57,ソフトバンク
312,66,松本裕樹,2000,3.79,33.0,3.0,3.0,,0.5,0.0,0.0,0.0,4.0,59.0,7.21,33.0,31.0,64.0,9.0,28.0,2.0,3.42,ソフトバンク
313,67,笠谷俊介,2200,4.27,16.0,3.0,4.0,59.0,0.429,0.0,0.0,0.0,0.0,64.0,9.76,30.0,28.0,52.0,12.0,35.0,2.0,5.34,ソフトバンク
314,70,田上奏大,550,,,,,,,,,,,,,,,,,,,,ソフトバンク
315,120,佐藤宏樹,400,,,,,,,,,,,,,,,,,,,,ソフトバンク
316,122,大関友久,400,2.35,12.0,0.0,0.0,23.0,0.0,0.0,0.0,0.0,0.0,13.0,5.09,6.0,6.0,12.0,1.0,10.0,2.0,3.91,ソフトバンク
317,123,中道佑哉,400,,,,,,,,,,,,,,,,,,,,ソフトバンク
318,124,桑原秀侍,360,,,,,,,,,,,,,,,,,,,,ソフトバンク
319,133,岡本直也,400,,,,,,,,,,,,,,,,,,,,ソフトバンク
320,134,大城真乃,360,,,,,,,,,,,,,,,,,,,,ソフトバンク
321,137,中村亮太,400,,,,,,,,,,,,,,,,,,,,ソフトバンク
322,138,重田倫明,400,,,,,,,,,,,,,,,,,,,,ソフトバンク
323,139,吉住晴斗,790,,,,,,,,,,,,,,,,,,,,ソフトバンク
324,140,アンディ・ロドリゲス,1000,,,,,,,,,,,,,,,,,,,,ソフトバンク
325,143,村上舜,360,,,,,,,,,,,,,,,,,,,,ソフトバンク
326,11,佐々木千隼,1570,1.26,54.0,8.0,1.0,57.0,0.889,0.0,0.0,1.0,26.0,28.0,4.42,13.0,8.0,36.0,4.0,14.0,2.0,2.21,ロッテ
327,12,石川歩,11000,3.38,12.0,6.0,3.0,80.0,0.667,2.0,0.0,0.0,0.0,42.0,4.72,30.0,30.0,73.0,10.0,9.0,0.0,1.01,ロッテ
328,15,美馬学,12000,4.92,21.0,6.0,7.0,,0.462,0.0,0.0,0.0,0.0,92.0,7.18,72.0,63.0,139.0,15.0,32.0,4.0,2.5,ロッテ
329,16,種市篤暉,2700,,,,,,,,,,,,,,,,,,,,ロッテ
330,17,佐々木朗希,1600,2.27,11.0,3.0,2.0,,0.6,0.0,0.0,0.0,0.0,68.0,9.66,24.0,16.0,51.0,5.0,16.0,0.0,2.27,ロッテ
331,18,二木康太,6000,4.38,22.0,5.0,7.0,117.0,0.417,0.0,0.0,0.0,0.0,77.0,5.92,61.0,57.0,119.0,24.0,28.0,4.0,2.15,ロッテ
332,19,唐川侑己,8000,2.72,38.0,4.0,2.0,,0.667,0.0,0.0,0.0,22.0,26.0,6.44,11.0,11.0,29.0,4.0,13.0,1.0,3.22,ロッテ
333,20,東條大樹,2700,5.4,5.0,0.0,0.0,,0.0,0.0,0.0,0.0,1.0,0.0,0.0,2.0,2.0,7.0,0.0,5.0,0.0,13.5,ロッテ
334,24,東妻勇輔,1500,2.88,37.0,1.0,0.0,,1.0,0.0,0.0,0.0,4.0,29.0,7.6,16.0,11.0,38.0,4.0,9.0,2.0,2.36,ロッテ
335,27,山本大貴,1100,,,,,,,,,,,,,,,,,,,,ロッテ
336,28,松永昂大,7500,,,,,,,,,,,,,,,,,,,,ロッテ
337,29,西野勇士,5250,,,,,,,,,,,,,,,,,,,,ロッテ
338,30,石崎剛,1340,,,,,,,,,,,,,,,,,,,,ロッテ
339,33,南昌輝,2400,0.0,1.0,0.0,0.0,,0.0,0.0,0.0,0.0,1.0,1.0,27.0,0.0,0.0,0.0,0.0,0.0,0.0,0.0,ロッテ
340,34,土肥星也,1100,13.5,1.0,0.0,1.0,2.0,0.0,0.0,0.0,0.0,0.0,0.0,0.0,3.0,3.0,6.0,1.0,0.0,0.0,0.0,ロッテ
341,35,鈴木昭汰,1600,4.08,23.0,1.0,4.0,,0.2,0.0,0.0,0.0,1.0,76.0,8.62,38.0,36.0,78.0,10.0,28.0,2.0,3.18,ロッテ
342,36,有吉優樹,2700,,,,,,,,,,,,,,,,,,,,ロッテ
343,37,小野郁,1700,3.48,49.0,0.0,3.0,,0.0,0.0,0.0,0.0,8.0,56.0,9.75,25.0,20.0,37.0,4.0,26.0,2.0,4.53,ロッテ
344,41,成田翔,670,0.0,3.0,0.0,0.0,3.0,0.0,0.0,0.0,0.0,0.0,3.0,9.0,0.0,0.0,3.0,0.0,2.0,0.0,6.0,ロッテ
345,42,フランク・ハーマン,8800,5.19,45.0,1.0,1.0,,0.5,0.0,0.0,0.0,24.0,38.0,7.89,26.0,25.0,47.0,7.0,13.0,1.0,2.7,ロッテ
346,43,小島和哉,3400,3.76,24.0,10.0,4.0,146.0,0.714,3.0,2.0,0.0,0.0,92.0,5.67,65.0,61.0,123.0,16.0,51.0,6.0,3.14,ロッテ
347,46,岩下大輝,3500,4.42,23.0,8.0,8.0,120.0,0.5,0.0,0.0,0.0,1.0,87.0,6.53,59.0,59.0,110.0,14.0,46.0,2.0,3.45,ロッテ
348,47,田中靖洋,2700,4.54,38.0,1.0,2.0,,0.333,0.0,0.0,0.0,10.0,20.0,5.35,18.0,17.0,42.0,3.0,13.0,2.0,3.48,ロッテ
349,48,中村稔弥,1800,3.08,14.0,0.0,2.0,38.0,0.0,0.0,0.0,0.0,0.0,27.0,6.39,19.0,13.0,40.0,3.0,18.0,1.0,4.26,ロッテ
350,49,本前郁也,300,4.78,8.0,1.0,2.0,,0.333,0.0,0.0,0.0,0.0,17.0,4.06,20.0,20.0,41.0,7.0,15.0,2.0,3.58,ロッテ
351,52,益田直也,20000,2.24,67.0,3.0,6.0,,0.333,0.0,0.0,38.0,0.0,68.0,9.51,17.0,16.0,43.0,5.0,15.0,0.0,2.1,ロッテ
352,56,中森俊介,720,,,,,,,,,,,,,,,,,,,,ロッテ
353,58,河村説人,800,3.46,20.0,4.0,1.0,,0.8,0.0,0.0,0.0,0.0,28.0,6.05,16.0,16.0,39.0,4.0,17.0,0.0,3.67,ロッテ
354,60,横山陸人,560,4.66,10.0,0.0,0.0,,0.0,0.0,0.0,0.0,0.0,11.0,10.24,6.0,5.0,14.0,1.0,3.0,2.0,2.79,ロッテ
355,62,永野将司,1000,,,,,,,,,,,,,,,,,,,,ロッテ
356,64,大嶺祐太,1200,4.09,8.0,1.0,1.0,11.0,0.5,0.0,0.0,0.0,0.0,7.0,5.73,6.0,5.0,15.0,1.0,2.0,0.0,1.64,ロッテ
357,65,古谷拓郎,480,,,,,,,,,,,,,,,,,,,,ロッテ
358,69,土居豪人,440,7.53,14.0,0.0,0.0,,0.0,0.0,0.0,0.0,0.0,10.0,6.28,12.0,12.0,15.0,3.0,11.0,1.0,6.91,ロッテ
359,76,ホセ・フローレス,500,1.38,10.0,1.0,0.0,13.0,1.0,0.0,0.0,0.0,0.0,11.0,7.62,3.0,2.0,9.0,0.0,5.0,0.0,3.46,ロッテ
360,121,小沼健太,300,,,,,,,,,,,,,,,,,,,,ロッテ
361,123,森遼大朗,240,,,,,,,,,,,,,,,,,,,,ロッテ
362,126,原嵩,500,,,,,,,,,,,,,,,,,,,,ロッテ
363,128,ホセ・アコスタ,240,,,,,,,,,,,,,,,,,,,,ロッテ
364,129,佐藤奨真,300,,,,,,,,,,,,,,,,,,,,ロッテ
365,11,今井達也,2800,3.3,25.0,8.0,8.0,,0.5,3.0,1.0,0.0,0.0,137.0,7.79,66.0,58.0,123.0,15.0,99.0,11.0,5.63,西武
366,12,渡邉勇太朗,650,3.44,17.0,4.0,4.0,55.0,0.5,0.0,0.0,0.0,2.0,33.0,5.4,24.0,21.0,43.0,3.0,30.0,3.0,4.91,西武
367,13,高橋光成,6700,3.78,27.0,11.0,9.0,,0.55,0.0,0.0,0.0,0.0,127.0,6.58,81.0,73.0,157.0,23.0,62.0,6.0,3.21,西武
368,14,増田達至,30000,4.99,33.0,0.0,3.0,,0.0,0.0,0.0,8.0,9.0,23.0,6.75,17.0,17.0,32.0,4.0,7.0,1.0,2.05,西武
369,15,宮川哲,2300,6.57,29.0,1.0,2.0,,0.333,0.0,0.0,0.0,6.0,30.0,10.95,18.0,18.0,23.0,4.0,18.0,3.0,6.57,西武
370,16,松坂大輔,2000,0.0,1.0,0.0,0.0,0.0,0.0,0.0,0.0,0.0,0.0,0.0,0.0,0.0,0.0,0.0,0.0,1.0,0.0,0.0,西武
371,17,松本航,3000,3.79,28.0,10.0,8.0,,0.556,1.0,1.0,0.0,0.0,130.0,7.82,63.0,63.0,137.0,15.0,64.0,4.0,3.85,西武
372,20,浜屋将太,1550,6.63,8.0,1.0,6.0,,0.143,0.0,0.0,0.0,0.0,26.0,6.38,27.0,27.0,39.0,8.0,26.0,4.0,6.38,西武
373,21,十亀剣,7000,3.38,40.0,1.0,1.0,40.0,0.5,0.0,0.0,0.0,8.0,26.0,5.85,18.0,15.0,41.0,1.0,19.0,2.0,4.28,西武
374,25,平井克典,8000,4.22,25.0,4.0,4.0,,0.5,0.0,0.0,0.0,2.0,55.0,6.63,40.0,35.0,85.0,7.0,19.0,6.0,2.29,西武
375,26,佐々木健,1350,8.31,5.0,0.0,0.0,,0.0,0.0,0.0,0.0,0.0,4.0,4.15,9.0,8.0,13.0,1.0,8.0,1.0,8.31,西武
376,27,内海哲也,5625,7.71,2.0,1.0,0.0,7.0,1.0,0.0,0.0,0.0,0.0,3.0,3.86,6.0,6.0,11.0,2.0,5.0,0.0,6.43,西武
377,28,森脇亮介,3300,4.02,45.0,3.0,1.0,,0.75,0.0,0.0,1.0,13.0,29.0,6.47,18.0,18.0,42.0,3.0,22.0,2.0,4.91,西武
378,29,小川龍也,3600,9.0,5.0,0.0,0.0,2.0,0.0,0.0,0.0,0.0,0.0,1.0,4.5,2.0,2.0,2.0,1.0,3.0,0.0,13.5,西武
379,30,榎田大樹,3700,,,,,,,,,,,,,,,,,,,,西武
380,33,リード・ギャレット,8500,3.77,61.0,4.0,3.0,,0.571,0.0,0.0,2.0,17.0,59.0,9.26,28.0,24.0,57.0,6.0,33.0,0.0,5.18,西武
381,34,佐野泰雄,1800,4.91,23.0,0.0,0.0,,0.0,0.0,0.0,0.0,2.0,7.0,3.44,10.0,10.0,22.0,1.0,8.0,2.0,3.93,西武
382,36,伊藤翔,820,4.0,13.0,0.0,1.0,18.0,0.0,0.0,0.0,0.0,2.0,9.0,4.5,9.0,8.0,22.0,2.0,16.0,2.0,8.0,西武
383,40,田村伊知郎,1000,2.9,22.0,1.0,0.0,31.0,1.0,0.0,0.0,1.0,0.0,20.0,5.81,10.0,10.0,17.0,2.0,16.0,4.0,4.65,西武
384,41,井上広輝,600,10.38,4.0,0.0,0.0,,0.0,0.0,0.0,0.0,0.0,5.0,10.38,5.0,5.0,9.0,1.0,6.0,0.0,12.46,西武
385,43,吉川光夫,3000,16.62,5.0,0.0,0.0,,0.0,0.0,0.0,0.0,0.0,0.0,0.0,8.0,8.0,8.0,1.0,6.0,0.0,12.46,西武
386,44,與座海人,900,2.79,15.0,1.0,1.0,,0.5,0.0,0.0,0.0,1.0,28.0,6.52,12.0,12.0,31.0,3.0,10.0,4.0,2.33,西武
387,45,本田圭佑,1360,4.21,6.0,0.0,3.0,,0.0,0.0,0.0,0.0,0.0,9.0,3.16,14.0,12.0,23.0,3.0,14.0,0.0,4.91,西武
388,47,松岡洸希,750,11.25,5.0,0.0,0.0,4.0,0.0,0.0,0.0,0.0,0.0,1.0,2.25,5.0,5.0,5.0,0.0,5.0,1.0,11.25,西武
389,48,武隈祥太,2200,1.76,46.0,0.0,2.0,,0.0,0.0,0.0,0.0,9.0,25.0,7.34,7.0,6.0,17.0,2.0,14.0,0.0,4.11,西武
390,50,中塚駿太,730,,,,,,,,,,,,,,,,,,,,西武
391,54,ザック・ニール,21500,5.85,11.0,1.0,6.0,60.0,0.143,0.0,0.0,0.0,0.0,26.0,3.9,41.0,39.0,76.0,3.0,15.0,3.0,2.25,西武
392,57,齊藤大将,1300,,,,,,,,,,,,,,,,,,,,西武
393,59,大曲錬,900,0.0,4.0,0.0,0.0,4.0,0.0,0.0,0.0,0.0,1.0,2.0,4.5,0.0,0.0,1.0,0.0,2.0,0.0,4.5,西武
394,61,平良海馬,4200,0.9,62.0,3.0,4.0,60.0,0.429,0.0,0.0,20.0,21.0,70.0,10.5,6.0,6.0,36.0,0.0,28.0,5.0,4.2,西武
395,64,上間永遠,500,6.33,5.0,1.0,1.0,,0.5,0.0,0.0,0.0,0.0,10.0,4.22,15.0,15.0,26.0,3.0,9.0,0.0,3.8,西武
396,67,粟津凱士,700,,,,,,,,,,,,,,,,,,,,西武
397,118,多和田真三郎,1000,,,,,,,,,,,,,,,,,,,,西武
398,120,出井敏博,400,,,,,,,,,,,,,,,,,,,,西武
399,121,赤上優人,400,,,,,,,,,,,,,,,,,,,,西武
400,124,豆田泰志,280,,,,,,,,,,,,,,,,,,,,西武
401,125,東野葵,400,,,,,,,,,,,,,,,,,,,,西武
402,126,大窪士夢,280,,,,,,,,,,,,,,,,,,,,西武
403,128,水上由伸,400,2.33,29.0,0.0,1.0,27.0,0.0,0.0,0.0,0.0,4.0,22.0,7.33,7.0,7.0,19.0,1.0,16.0,1.0,5.33,西武
404,1,松井裕樹,25000,0.63,43.0,0.0,2.0,43.0,0.0,0.0,0.0,24.0,0.0,59.0,12.35,3.0,3.0,22.0,1.0,21.0,1.0,4.4,楽天
405,11,岸孝之,25000,3.44,25.0,9.0,10.0,149.0,0.474,1.0,1.0,0.0,0.0,131.0,7.91,62.0,57.0,149.0,17.0,34.0,1.0,2.05,楽天
406,13,森原康平,3500,2.78,34.0,0.0,0.0,,0.0,0.0,0.0,0.0,3.0,30.0,8.35,10.0,10.0,29.0,3.0,8.0,0.0,2.23,楽天
407,14,則本昂大,30000,3.17,23.0,11.0,5.0,,0.688,2.0,1.0,0.0,0.0,152.0,9.46,56.0,51.0,123.0,18.0,35.0,3.0,2.18,楽天
408,16,涌井秀章,16000,5.04,21.0,6.0,8.0,,0.429,0.0,0.0,0.0,0.0,76.0,7.1,57.0,54.0,110.0,7.0,26.0,2.0,2.43,楽天
409,016,森雄大,400,,,,,,,,,,,,,,,,,,,,楽天
410,17,塩見貴洋,4000,3.6,1.0,0.0,0.0,5.0,0.0,0.0,0.0,0.0,0.0,4.0,7.2,2.0,2.0,5.0,0.0,1.0,0.0,1.8,楽天
411,017,王彦程,240,,,,,,,,,,,,,,,,,,,,楽天
412,18,田中将大,90000,3.01,23.0,4.0,9.0,,0.308,1.0,0.0,0.0,0.0,126.0,7.28,54.0,52.0,131.0,17.0,29.0,5.0,1.68,楽天
413,19,藤平尚真,1200,,,,,,,,,,,,,,,,,,,,楽天
414,20,安樂智大,1700,2.08,58.0,3.0,3.0,,0.5,0.0,0.0,2.0,22.0,50.0,7.99,13.0,13.0,45.0,4.0,33.0,2.0,5.27,楽天
415,21,早川隆久,1600,3.86,24.0,9.0,7.0,,0.562,1.0,1.0,0.0,0.0,127.0,8.3,59.0,59.0,132.0,11.0,30.0,2.0,1.96,楽天
416,22,牧田和久,11000,3.31,17.0,0.0,0.0,,0.0,0.0,0.0,0.0,2.0,5.0,2.76,10.0,6.0,17.0,2.0,3.0,1.0,1.65,楽天
417,23,弓削隼人,1350,7.24,5.0,1.0,1.0,,0.5,0.0,0.0,0.0,0.0,6.0,3.95,11.0,11.0,20.0,0.0,6.0,1.0,3.95,楽天
418,28,酒居知史,4000,2.28,54.0,4.0,3.0,,0.571,0.0,0.0,3.0,28.0,44.0,7.71,15.0,13.0,33.0,3.0,24.0,0.0,4.21,楽天
419,29,高田孝一,1100,1.35,3.0,0.0,0.0,,0.0,0.0,0.0,0.0,0.0,6.0,8.1,2.0,1.0,6.0,1.0,1.0,1.0,1.35,楽天
420,31,福井優也,2000,4.43,19.0,0.0,0.0,,0.0,0.0,0.0,0.0,0.0,21.0,9.3,10.0,10.0,17.0,3.0,6.0,0.0,2.66,楽天
421,32,アラン・ブセニッツ,15600,4.97,31.0,1.0,0.0,29.0,1.0,0.0,0.0,0.0,4.0,23.0,7.14,16.0,16.0,32.0,1.0,9.0,0.0,2.79,楽天
422,39,引地秀一郎,600,,,,,,,,,,,,,,,,,,,,楽天
423,40,内間拓馬,820,5.91,11.0,0.0,0.0,,0.0,0.0,0.0,0.0,0.0,16.0,13.5,7.0,7.0,9.0,0.0,4.0,1.0,3.38,楽天
424,41,釜田佳直,1200,11.25,1.0,0.0,0.0,4.0,0.0,0.0,0.0,0.0,0.0,2.0,4.5,5.0,5.0,8.0,1.0,1.0,0.0,2.25,楽天
425,43,宋家豪,4700,2.23,63.0,3.0,3.0,,0.5,0.0,0.0,7.0,24.0,49.0,7.27,18.0,15.0,46.0,2.0,23.0,2.0,3.41,楽天
426,45,渡邊佑樹,500,5.4,9.0,0.0,0.0,5.0,0.0,0.0,0.0,0.0,2.0,4.0,7.2,3.0,3.0,5.0,1.0,2.0,2.0,3.6,楽天
427,47,藤井聖,1120,,,,,,,,,,,,,,,,,,,,楽天
428,49,福森耀真,650,,,,,,,,,,,,,,,,,,,,楽天
429,52,津留崎大成,1200,5.06,11.0,0.0,0.0,,0.0,0.0,0.0,0.0,1.0,7.0,5.91,6.0,6.0,11.0,0.0,5.0,0.0,4.22,楽天
430,53,高田萌生,690,9.39,4.0,0.0,1.0,,0.0,0.0,0.0,0.0,0.0,8.0,9.39,9.0,8.0,13.0,1.0,5.0,0.0,5.87,楽天
431,56,鈴木翔天,660,0.0,5.0,0.0,0.0,,0.0,0.0,0.0,0.0,0.0,5.0,10.38,0.0,0.0,3.0,0.0,4.0,0.0,8.31,楽天
432,57,瀧中瞭太,1300,3.21,20.0,10.0,5.0,,0.667,0.0,0.0,0.0,0.0,75.0,6.51,40.0,37.0,97.0,10.0,27.0,4.0,2.34,楽天
433,58,辛島航,5100,,,,,,,,,,,,,,,,,,,,楽天
434,59,菅原秀,900,16.88,1.0,0.0,0.0,,0.0,0.0,0.0,0.0,0.0,0.0,0.0,5.0,5.0,2.0,0.0,5.0,1.0,16.88,楽天
435,60,石橋良太,2000,3.46,3.0,0.0,1.0,13.0,0.0,0.0,0.0,0.0,0.0,4.0,2.77,5.0,5.0,12.0,2.0,6.0,1.0,4.15,楽天
436,61,佐藤智輝,600,,,,,,,,,,,,,,,,,,,,楽天
437,62,西口直人,530,3.28,33.0,5.0,2.0,,0.714,0.0,0.0,0.0,3.0,55.0,8.58,23.0,21.0,46.0,7.0,23.0,2.0,3.59,楽天
438,64,福山博之,1700,2.38,24.0,0.0,2.0,,0.0,0.0,0.0,0.0,4.0,13.0,5.16,6.0,6.0,23.0,3.0,12.0,0.0,4.76,楽天
439,68,寺岡寛治,900,,,,,,,,,,,,,,,,,,,,楽天
440,69,内星龍,500,,,,,,,,,,,,,,,,,,,,楽天
441,71,アダム・コンリー,7280,,,,,,,,,,,,,,,,,,,,楽天
442,72,池田駿,1350,,,,,,,,,,,,,,,,,,,,楽天
443,135,清宮虎多朗,250,,,,,,,,,,,,,,,,,,,,楽天
444,136,則本佳樹,250,,,,,,,,,,,,,,,,,,,,楽天
445,138,小峯新陸,240,,,,,,,,,,,,,,,,,,,,楽天
446,152,石田駿,240,,,,,,,,,,,,,,,,,,,,楽天
447,001,佐藤一磨,240,,,,,,,,,,,,,,,,,,,,オリックス
448,002,谷岡楓太,240,,,,,,,,,,,,,,,,,,,,オリックス
449,003,中田惟斗,240,,,,,,,,,,,,,,,,,,,,オリックス
450,008,松山真之,240,,,,,,,,,,,,,,,,,,,,オリックス
451,11,山崎福也,2800,3.56,22.0,8.0,10.0,,0.444,0.0,0.0,0.0,0.0,75.0,5.8,47.0,46.0,111.0,13.0,24.0,6.0,1.86,オリックス
452,011,川瀬堅斗,240,,,,,,,,,,,,,,,,,,,,オリックス
453,12,山下舜平大,700,,,,,,,,,,,,,,,,,,,,オリックス
454,012,辻垣高良,240,,,,,,,,,,,,,,,,,,,,オリックス
455,13,宮城大弥,870,2.51,23.0,13.0,4.0,147.0,0.765,0.0,0.0,0.0,0.0,131.0,8.02,44.0,41.0,118.0,9.0,39.0,9.0,2.39,オリックス
456,013,宇田川優希,240,,,,,,,,,,,,,,,,,,,,オリックス
457,14,吉田一将,2900,,,,,,,,,,,,,,,,,,,,オリックス
458,15,荒西祐大,1800,,,,,,,,,,,,,,,,,,,,オリックス
459,16,平野佳寿,15000,2.3,46.0,1.0,3.0,43.0,0.25,0.0,0.0,29.0,3.0,37.0,7.74,11.0,11.0,30.0,4.0,9.0,0.0,1.88,オリックス
460,17,増井浩俊,20000,4.94,15.0,3.0,6.0,71.0,0.333,0.0,0.0,0.0,1.0,45.0,5.7,47.0,39.0,77.0,8.0,29.0,2.0,3.68,オリックス
461,18,山本由伸,15000,1.39,26.0,18.0,5.0,,0.783,6.0,4.0,0.0,0.0,206.0,9.57,37.0,30.0,124.0,7.0,40.0,2.0,1.86,オリックス
462,19,山岡泰輔,10000,3.89,12.0,3.0,4.0,,0.429,0.0,0.0,0.0,0.0,74.0,9.61,30.0,30.0,64.0,7.0,20.0,3.0,2.6,オリックス
463,21,竹安大知,1600,4.44,17.0,3.0,2.0,,0.6,0.0,0.0,0.0,0.0,26.0,4.81,26.0,24.0,48.0,4.0,19.0,1.0,3.51,オリックス
464,22,村西良太,870,3.75,18.0,1.0,0.0,12.0,1.0,0.0,0.0,1.0,5.0,7.0,5.25,7.0,5.0,15.0,1.0,9.0,2.0,6.75,オリックス
465,26,能見篤史,3500,4.03,26.0,0.0,0.0,,0.0,0.0,0.0,2.0,5.0,19.0,7.66,11.0,10.0,26.0,2.0,11.0,3.0,4.43,オリックス
466,28,富山凌雅,1500,2.72,51.0,2.0,1.0,,0.667,0.0,0.0,0.0,20.0,34.0,6.6,16.0,14.0,37.0,2.0,17.0,0.0,3.3,オリックス
467,29,田嶋大樹,4200,3.58,24.0,8.0,8.0,,0.5,0.0,0.0,0.0,0.0,135.0,8.48,62.0,57.0,137.0,10.0,48.0,5.0,3.01,オリックス
468,30,Ｋ-鈴木,1650,3.03,34.0,1.0,0.0,,1.0,0.0,0.0,2.0,2.0,28.0,6.52,15.0,13.0,34.0,2.0,14.0,1.0,3.26,オリックス
469,32,ブランドン・ディクソン,8000,,,,,,,,,,,,,,,,,,,,オリックス
470,35,比嘉幹貴,2100,1.77,32.0,1.0,0.0,,1.0,0.0,0.0,0.0,11.0,15.0,6.64,4.0,4.0,14.0,2.0,4.0,0.0,1.77,オリックス
471,37,中川颯,900,0.0,1.0,0.0,0.0,1.0,0.0,0.0,0.0,0.0,0.0,0.0,0.0,0.0,0.0,2.0,0.0,0.0,0.0,0.0,オリックス
472,39,飯田優也,1400,,,,,,,,,,,,,,,,,,,,オリックス
473,43,前佑囲斗,550,,,,,,,,,,,,,,,,,,,,オリックス
474,45,阿部翔太,880,7.36,4.0,0.0,0.0,,0.0,0.0,0.0,0.0,0.0,3.0,7.36,3.0,3.0,4.0,1.0,1.0,0.0,2.45,オリックス
475,46,本田仁海,500,7.45,2.0,0.0,1.0,,0.0,0.0,0.0,0.0,0.0,4.0,3.72,8.0,8.0,13.0,2.0,5.0,0.0,4.66,オリックス
476,47,海田智行,2200,2.61,16.0,0.0,1.0,,0.0,0.0,0.0,0.0,5.0,5.0,4.35,3.0,3.0,8.0,0.0,4.0,0.0,3.48,オリックス
477,48,齋藤綱記,1600,10.12,4.0,0.0,0.0,,0.0,0.0,0.0,0.0,0.0,3.0,10.12,3.0,3.0,2.0,1.0,2.0,0.0,6.75,オリックス
478,49,澤田圭佑,2100,3.86,14.0,0.0,0.0,14.0,0.0,0.0,0.0,0.0,6.0,14.0,9.0,6.0,6.0,15.0,0.0,3.0,1.0,1.93,オリックス
479,52,タイラー・ヒギンス,9000,2.53,49.0,1.0,2.0,,0.333,0.0,0.0,2.0,28.0,36.0,6.99,14.0,13.0,37.0,3.0,19.0,1.0,3.69,オリックス
480,54,黒木優太,2100,,,,,,,,,,,,,,,,,,,,オリックス
481,57,山田修義,3500,2.27,43.0,1.0,0.0,,1.0,0.0,0.0,0.0,9.0,35.0,7.21,14.0,11.0,38.0,2.0,19.0,1.0,3.92,オリックス
482,58,金田和之,1100,4.35,9.0,0.0,0.0,,0.0,0.0,0.0,0.0,0.0,6.0,5.23,5.0,5.0,8.0,3.0,5.0,2.0,4.35,オリックス
483,61,榊原翼,1500,15.43,1.0,0.0,0.0,,0.0,0.0,0.0,0.0,0.0,2.0,7.71,4.0,4.0,4.0,0.0,5.0,0.0,19.29,オリックス
484,63,山崎颯一郎,450,3.69,9.0,2.0,2.0,39.0,0.5,0.0,0.0,0.0,0.0,29.0,6.69,16.0,16.0,32.0,1.0,20.0,5.0,4.62,オリックス
485,65,漆原大晟,1200,3.03,34.0,2.0,2.0,,0.5,0.0,0.0,2.0,4.0,23.0,5.8,13.0,12.0,30.0,4.0,14.0,1.0,3.53,オリックス
486,66,吉田凌,1600,2.12,18.0,1.0,1.0,17.0,0.5,0.0,0.0,0.0,4.0,17.0,9.0,5.0,4.0,7.0,3.0,4.0,0.0,2.12,オリックス
487,68,鈴木優,950,9.0,11.0,0.0,0.0,10.0,0.0,0.0,0.0,0.0,0.0,10.0,9.0,10.0,10.0,9.0,4.0,5.0,2.0,4.5,オリックス
488,95,神戸文也,800,,,,,,,,,,,,,,,,,,,,オリックス
489,98,張奕,1100,13.06,8.0,0.0,1.0,,0.0,0.0,0.0,0.0,3.0,15.0,13.06,15.0,15.0,21.0,4.0,2.0,0.0,1.74,オリックス
490,124,近藤大亮,3750,,,,,,,,,,,,,,,,,,,,オリックス
491,128,東晃平,250,,,,,,,,,,,,,,,,,,,,オリックス
