,背番号,名前,年俸,打率,試合数,打席数,打数,安打,二塁打,三塁打,本塁打,塁打数,得点,打点,三振,四球,死球,盗塁,出塁率,長打率,OPS,三振率,チーム
0,00,曽根海成,1300.0,0.143,39.0,15.0,14.0,2.0,1.0,0.0,0.0,3.0,6.0,0.0,3.0,1.0,0.0,1.0,0.2,0.214,0.414,0.2,広島
1,0,上本崇司,2900.0,0.259,84.0,276.0,247.0,64.0,7.0,1.0,1.0,76.0,20.0,17.0,46.0,12.0,9.0,8.0,0.317,0.308,0.625,0.167,広島
2,2,田中広輔,3000.0,0.228,111.0,253.0,224.0,51.0,10.0,0.0,6.0,79.0,28.0,28.0,48.0,25.0,1.0,2.0,0.308,0.353,0.661,0.19,広島
3,5,西川龍馬,12000.0,0.305,109.0,443.0,416.0,127.0,20.0,1.0,9.0,176.0,48.0,56.0,52.0,21.0,1.0,7.0,0.337,0.423,0.76,0.117,広島
4,7,堂林翔太,5000.0,0.273,100.0,284.0,260.0,71.0,13.0,0.0,12.0,120.0,29.0,35.0,72.0,19.0,0.0,1.0,0.323,0.462,0.784,0.254,広島
5,9,秋山翔吾,15000.0,0.274,115.0,483.0,434.0,119.0,20.0,6.0,4.0,163.0,48.0,38.0,81.0,35.0,4.0,8.0,0.333,0.376,0.709,0.168,広島
6,10,ライアン・マクブルーム,19000.0,0.221,70.0,259.0,226.0,50.0,12.0,0.0,6.0,80.0,21.0,31.0,56.0,28.0,1.0,1.0,0.305,0.354,0.659,0.216,広島
7,22,中村奨成,800.0,0.15,18.0,20.0,20.0,3.0,0.0,0.0,0.0,3.0,2.0,0.0,7.0,0.0,0.0,0.0,0.15,0.15,0.3,0.35,広島
8,27,會澤翼,14000.0,0.172,54.0,133.0,116.0,20.0,4.0,0.0,1.0,27.0,6.0,10.0,26.0,10.0,4.0,0.0,0.26,0.233,0.492,0.195,広島
9,31,坂倉将吾,9500.0,0.266,120.0,448.0,395.0,105.0,19.0,1.0,12.0,162.0,48.0,44.0,67.0,47.0,3.0,3.0,0.347,0.41,0.757,0.15,広島
10,32,石原貴規,1000.0,,,,,,,,,,,,,,,,,,,,広島
11,33,菊池涼介,30000.0,0.258,120.0,485.0,442.0,114.0,17.0,0.0,5.0,146.0,51.0,27.0,68.0,32.0,2.0,7.0,0.31,0.33,0.641,0.14,広島
12,35,三好匠,1200.0,,,,,,,,,,,,,,,,,,,,広島
13,37,野間峻祥,5000.0,0.286,108.0,418.0,371.0,106.0,11.0,1.0,0.0,119.0,37.0,26.0,51.0,33.0,5.0,5.0,0.351,0.321,0.672,0.122,広島
14,38,宇草孔基,1200.0,,,,,,,,,,,,,,,,,,,,広島
15,40,磯村嘉孝,2100.0,0.207,25.0,32.0,29.0,6.0,1.0,0.0,1.0,10.0,2.0,4.0,10.0,1.0,1.0,0.0,0.258,0.345,0.603,0.312,広島
16,44,林晃汰,1200.0,0.207,20.0,62.0,58.0,12.0,4.0,0.0,1.0,19.0,5.0,5.0,20.0,3.0,1.0,0.0,0.258,0.328,0.586,0.323,広島
17,50,中村健人,1600.0,,,,,,,,,,,,,,,,,,,,広島
18,51,小園海斗,4000.0,0.286,80.0,306.0,290.0,83.0,11.0,7.0,6.0,126.0,25.0,31.0,38.0,10.0,2.0,8.0,0.315,0.434,0.749,0.124,広島
19,52,末包昇大,1300.0,0.273,65.0,146.0,139.0,38.0,6.0,0.0,11.0,77.0,16.0,27.0,40.0,6.0,1.0,0.0,0.308,0.554,0.862,0.274,広島
20,54,韮澤雄也,600.0,0.14,45.0,55.0,50.0,7.0,2.0,0.0,0.0,9.0,5.0,3.0,13.0,5.0,0.0,0.0,0.218,0.18,0.398,0.236,広島
21,55,松山竜平,6500.0,0.252,79.0,156.0,143.0,36.0,9.0,0.0,0.0,45.0,5.0,27.0,27.0,10.0,1.0,0.0,0.301,0.315,0.616,0.173,広島
22,56,久保修,600.0,,,,,,,,,,,,,,,,,,,,広島
23,57,持丸泰輝,550.0,,,,,,,,,,,,,,,,,,,,広島
24,59,大盛穂,1300.0,0.152,59.0,71.0,66.0,10.0,2.0,0.0,1.0,15.0,10.0,5.0,22.0,2.0,2.0,4.0,0.2,0.227,0.427,0.31,広島
25,60,田村俊介,500.0,0.364,10.0,22.0,22.0,8.0,2.0,0.0,0.0,10.0,3.0,0.0,6.0,0.0,0.0,0.0,0.364,0.455,0.818,0.273,広島
26,61,矢野雅哉,1100.0,0.185,93.0,146.0,119.0,22.0,2.0,0.0,0.0,24.0,22.0,3.0,35.0,14.0,0.0,7.0,0.269,0.202,0.47,0.24,広島
27,62,清水叶人,500.0,,,,,,,,,,,,,,,,,,,,広島
28,63,内田湘大,600.0,,,,,,,,,,,,,,,,,,,,広島
29,64,高木翔斗,500.0,,,,,,,,,,,,,,,,,,,,広島
30,69,羽月隆太郎,1400.0,0.149,50.0,53.0,47.0,7.0,1.0,0.0,0.0,8.0,10.0,4.0,12.0,4.0,0.0,14.0,0.216,0.17,0.386,0.226,広島
31,95,マット・デビッドソン,7700.0,0.21,112.0,381.0,348.0,73.0,16.0,1.0,19.0,148.0,34.0,44.0,120.0,22.0,9.0,0.0,0.273,0.425,0.698,0.315,広島
32,97,中村貴浩,300.0,0.176,15.0,37.0,34.0,6.0,1.0,0.0,0.0,7.0,3.0,3.0,10.0,1.0,1.0,1.0,0.216,0.206,0.422,0.27,広島
33,99,二俣翔一,500.0,,,,,,,,,,,,,,,,,,,,広島
34,121,名原典彦,300.0,,,,,,,,,,,,,,,,,,,,広島
35,124,木下元秀,300.0,,,,,,,,,,,,,,,,,,,,広島
36,127,前川誠太,300.0,,,,,,,,,,,,,,,,,,,,広島
37,00,湯浅大,1500.0,,,,,,,,,,,,,,,,,,,,巨人
38,0,増田大輝,2300.0,0.3,33.0,13.0,10.0,3.0,1.0,0.0,0.0,4.0,4.0,1.0,3.0,1.0,0.0,4.0,0.364,0.4,0.764,0.231,巨人
39,001,加藤廉,410.0,,,,,,,,,,,,,,,,,,,,巨人
40,2,吉川尚輝,7000.0,0.256,132.0,478.0,430.0,110.0,19.0,4.0,7.0,158.0,47.0,36.0,66.0,26.0,8.0,4.0,0.308,0.367,0.676,0.138,巨人
41,002,中田歩夢,360.0,,,,,,,,,,,,,,,,,,,,巨人
42,003,鈴木大和,410.0,,,,,,,,,,,,,,,,,,,,巨人
43,5,中島宏之,5000.0,0.278,8.0,19.0,18.0,5.0,0.0,0.0,0.0,5.0,1.0,0.0,5.0,1.0,0.0,0.0,0.316,0.278,0.594,0.263,巨人
44,006,坂本勇人,370.0,,,,,,,,,,,,,,,,,,,,巨人
45,6,坂本勇人,60000.0,0.288,116.0,455.0,403.0,116.0,29.0,0.0,22.0,211.0,46.0,60.0,84.0,45.0,2.0,2.0,0.361,0.524,0.884,0.185,巨人
46,007,J.デラクルーズ,240.0,,,,,,,,,,,,,,,,,,,,巨人
47,7,長野久義,2000.0,0.259,75.0,176.0,158.0,41.0,7.0,1.0,6.0,68.0,15.0,19.0,40.0,17.0,0.0,1.0,0.33,0.43,0.76,0.227,巨人
48,008,相澤白虎,360.0,,,,,,,,,,,,,,,,,,,,巨人
49,8,丸佳浩,45000.0,0.244,121.0,431.0,385.0,94.0,11.0,0.0,18.0,159.0,43.0,47.0,62.0,42.0,0.0,4.0,0.316,0.413,0.729,0.144,巨人
50,009,笹原操希,370.0,,,,,,,,,,,,,,,,,,,,巨人
51,010,大津綾也,370.0,,,,,,,,,,,,,,,,,,,,巨人
52,10,中田翔,30000.0,0.255,92.0,288.0,263.0,67.0,8.0,1.0,15.0,122.0,27.0,37.0,63.0,19.0,2.0,0.0,0.306,0.464,0.769,0.219,巨人
53,12,萩尾匡也,1200.0,0.062,11.0,16.0,16.0,1.0,0.0,0.0,0.0,1.0,0.0,0.0,10.0,0.0,0.0,0.0,0.062,0.062,0.125,0.625,巨人
54,13,梶谷隆幸,20000.0,0.275,102.0,291.0,265.0,73.0,8.0,0.0,2.0,87.0,26.0,19.0,45.0,17.0,3.0,2.0,0.326,0.328,0.655,0.155,巨人
55,013,J.ティマ,240.0,,,,,,,,,,,,,,,,,,,,巨人
56,22,小林誠司,10000.0,0.125,21.0,9.0,8.0,1.0,0.0,0.0,0.0,1.0,0.0,0.0,0.0,0.0,0.0,0.0,0.125,0.125,0.25,0.0,巨人
57,022,亀田啓太,410.0,,,,,,,,,,,,,,,,,,,,巨人
58,23,松田宣浩,2000.0,0.062,12.0,17.0,16.0,1.0,0.0,0.0,0.0,1.0,0.0,0.0,5.0,0.0,0.0,0.0,0.062,0.062,0.125,0.294,巨人
59,24,大城卓三,8000.0,0.281,134.0,490.0,424.0,119.0,20.0,1.0,16.0,189.0,50.0,55.0,109.0,36.0,5.0,0.0,0.341,0.446,0.787,0.222,巨人
60,024,前田研輝,410.0,,,,,,,,,,,,,,,,,,,,巨人
61,25,岡本和真,27000.0,0.278,140.0,589.0,503.0,140.0,31.0,0.0,41.0,294.0,83.0,93.0,111.0,72.0,8.0,0.0,0.374,0.584,0.958,0.188,巨人
62,025,岡本大翔,410.0,,,,,,,,,,,,,,,,,,,,巨人
63,27,岸田行倫,1600.0,0.25,46.0,72.0,68.0,17.0,2.0,0.0,2.0,25.0,5.0,3.0,12.0,2.0,1.0,0.0,0.282,0.368,0.649,0.167,巨人
64,027,北村流音,360.0,,,,,,,,,,,,,,,,,,,,巨人
65,031,三塚琉生,360.0,,,,,,,,,,,,,,,,,,,,巨人
66,32,廣岡大志,1700.0,0.214,9.0,30.0,28.0,6.0,0.0,0.0,1.0,9.0,5.0,2.0,8.0,0.0,1.0,1.0,0.233,0.321,0.555,0.267,巨人
67,35,門脇誠,840.0,0.263,126.0,348.0,316.0,83.0,12.0,1.0,3.0,106.0,34.0,21.0,58.0,18.0,0.0,11.0,0.302,0.335,0.638,0.167,巨人
68,36,石川慎吾,1800.0,,,,,,,,,,,,,,,,,,,,巨人
69,37,若林晃弘,2500.0,0.125,21.0,18.0,16.0,2.0,0.0,0.0,0.0,2.0,3.0,0.0,5.0,2.0,0.0,1.0,0.222,0.125,0.347,0.278,巨人
70,38,岡田悠希,950.0,0.167,26.0,52.0,48.0,8.0,1.0,0.0,1.0,12.0,4.0,2.0,14.0,3.0,0.0,0.0,0.216,0.25,0.466,0.269,巨人
71,039,立岡宗一郎,2350.0,,,,,,,,,,,,,,,,,,,,巨人
72,40,中山礼都,1260.0,0.239,78.0,147.0,138.0,33.0,5.0,1.0,0.0,40.0,9.0,3.0,30.0,7.0,0.0,5.0,0.276,0.29,0.566,0.204,巨人
73,42,L.ブリンソン,13000.0,0.248,88.0,294.0,282.0,70.0,16.0,0.0,11.0,119.0,25.0,35.0,71.0,9.0,1.0,1.0,0.272,0.422,0.694,0.241,巨人
74,43,重信慎之介,3200.0,0.157,67.0,57.0,51.0,8.0,0.0,0.0,0.0,8.0,16.0,1.0,16.0,5.0,0.0,10.0,0.232,0.157,0.389,0.281,巨人
75,44,A.ウォーカー,10000.0,0.263,57.0,120.0,118.0,31.0,4.0,2.0,6.0,57.0,15.0,20.0,39.0,2.0,0.0,1.0,0.275,0.483,0.758,0.325,巨人
76,044,大城元,360.0,,,,,,,,,,,,,,,,,,,,巨人
77,50,オコエ瑠偉,850.0,0.235,41.0,127.0,119.0,28.0,7.0,0.0,2.0,41.0,11.0,6.0,35.0,5.0,2.0,1.0,0.278,0.345,0.622,0.276,巨人
78,51,浅野翔吾,1200.0,0.25,24.0,41.0,40.0,10.0,1.0,0.0,1.0,14.0,2.0,2.0,14.0,1.0,0.0,0.0,0.268,0.35,0.618,0.341,巨人
79,52,北村拓己,1700.0,0.206,27.0,38.0,34.0,7.0,1.0,0.0,0.0,8.0,2.0,0.0,7.0,2.0,1.0,0.0,0.27,0.235,0.506,0.184,巨人
80,55,秋広優人,630.0,0.273,121.0,439.0,406.0,111.0,18.0,2.0,10.0,163.0,36.0,41.0,79.0,26.0,2.0,0.0,0.318,0.401,0.72,0.18,巨人
81,055,保科広一,420.0,,,,,,,,,,,,,,,,,,,,巨人
82,59,松原聖弥,3100.0,0.0,21.0,13.0,12.0,0.0,0.0,0.0,0.0,0.0,3.0,0.0,4.0,1.0,0.0,0.0,0.077,0.0,0.077,0.308,巨人
83,60,菊田拡和,620.0,0.0,6.0,6.0,5.0,0.0,0.0,0.0,0.0,0.0,1.0,0.0,0.0,1.0,0.0,0.0,0.167,0.0,0.167,0.0,巨人
84,61,増田陸,1800.0,,,,,,,,,,,,,,,,,,,,巨人
85,66,香月一也,1100.0,,,,,,,,,,,,,,,,,,,,巨人
86,67,山瀬慎之助,650.0,0.143,5.0,7.0,7.0,1.0,0.0,0.0,0.0,1.0,1.0,0.0,3.0,0.0,0.0,0.0,0.143,0.143,0.286,0.429,巨人
87,069,萩原哲,650.0,,,,,,,,,,,,,,,,,,,,巨人
88,94,喜多隆介,650.0,,,,,,,,,,,,,,,,,,,,巨人
89,00,林琢真,910.0,0.206,65.0,154.0,141.0,29.0,5.0,0.0,0.0,34.0,12.0,11.0,29.0,6.0,0.0,7.0,0.235,0.241,0.476,0.188,DeNA
90,0,大田泰示,5000.0,0.217,75.0,186.0,175.0,38.0,12.0,0.0,4.0,62.0,18.0,15.0,49.0,9.0,2.0,0.0,0.263,0.354,0.618,0.263,DeNA
91,1,桑原将志,12000.0,0.252,132.0,479.0,429.0,108.0,23.0,4.0,7.0,160.0,48.0,35.0,54.0,23.0,10.0,3.0,0.301,0.373,0.674,0.113,DeNA
92,2,牧秀悟,12000.0,0.293,143.0,605.0,559.0,164.0,39.0,3.0,29.0,296.0,78.0,103.0,85.0,33.0,7.0,2.0,0.337,0.53,0.867,0.14,DeNA
93,3,タイラー・オースティン,20000.0,0.277,22.0,54.0,47.0,13.0,6.0,0.0,0.0,19.0,5.0,6.0,13.0,6.0,0.0,0.0,0.352,0.404,0.756,0.241,DeNA
94,5,松尾汐恩,1000.0,,,,,,,,,,,,,,,,,,,,DeNA
95,6,森敬斗,2000.0,0.167,9.0,14.0,12.0,2.0,0.0,0.0,0.0,2.0,0.0,1.0,1.0,1.0,0.0,1.0,0.231,0.167,0.397,0.071,DeNA
96,7,佐野恵太,17000.0,0.264,141.0,613.0,560.0,148.0,26.0,2.0,13.0,217.0,67.0,65.0,77.0,46.0,4.0,0.0,0.323,0.388,0.711,0.126,DeNA
97,8,神里和毅,4500.0,0.163,64.0,53.0,49.0,8.0,1.0,1.0,0.0,11.0,11.0,3.0,16.0,3.0,1.0,0.0,0.226,0.224,0.451,0.302,DeNA
98,9,大和,8000.0,0.235,88.0,230.0,213.0,50.0,4.0,0.0,0.0,54.0,12.0,18.0,23.0,14.0,0.0,1.0,0.282,0.254,0.535,0.1,DeNA
99,10,戸柱恭孝,4000.0,0.242,70.0,181.0,165.0,40.0,8.0,1.0,5.0,65.0,11.0,19.0,30.0,13.0,0.0,0.0,0.296,0.394,0.69,0.166,DeNA
100,23,藤田一也,1800.0,0.286,23.0,24.0,21.0,6.0,1.0,0.0,0.0,7.0,0.0,0.0,5.0,2.0,0.0,0.0,0.348,0.333,0.681,0.208,DeNA
101,028,勝又温史,620.0,,,,,,,,,,,,,,,,,,,,DeNA
102,29,伊藤光,11000.0,0.225,61.0,176.0,160.0,36.0,8.0,0.0,1.0,47.0,11.0,8.0,41.0,9.0,2.0,0.0,0.273,0.294,0.567,0.233,DeNA
103,31,柴田竜拓,5600.0,0.143,86.0,66.0,49.0,7.0,1.0,1.0,0.0,10.0,7.0,2.0,9.0,9.0,2.0,0.0,0.3,0.204,0.504,0.136,DeNA
104,32,益子京右,600.0,0.0,1.0,0.0,0.0,0.0,0.0,0.0,0.0,0.0,0.0,0.0,0.0,0.0,0.0,0.0,0.0,0.0,0.0,0.0,DeNA
105,33,粟飯原龍之介,610.0,,,,,,,,,,,,,,,,,,,,DeNA
106,37,楠本泰史,3600.0,0.191,94.0,176.0,157.0,30.0,9.0,0.0,2.0,45.0,14.0,21.0,35.0,11.0,3.0,0.0,0.253,0.287,0.539,0.199,DeNA
107,38,田中俊太,1600.0,,,,,,,,,,,,,,,,,,,,DeNA
108,39,西浦直亨,2600.0,0.111,13.0,9.0,9.0,1.0,0.0,0.0,0.0,1.0,2.0,1.0,4.0,0.0,0.0,0.0,0.111,0.111,0.222,0.444,DeNA
109,42,アンバギー,3500.0,0.125,4.0,8.0,8.0,1.0,0.0,0.0,0.0,1.0,0.0,0.0,3.0,0.0,0.0,0.0,0.125,0.125,0.25,0.375,DeNA
110,44,小深田大地,560.0,,,,,,,,,,,,,,,,,,,,DeNA
111,50,山本祐大,1030.0,0.277,71.0,200.0,173.0,48.0,7.0,1.0,3.0,66.0,18.0,16.0,26.0,18.0,1.0,0.0,0.347,0.382,0.729,0.13,DeNA
112,51,宮崎敏郎,20000.0,0.326,124.0,461.0,408.0,133.0,27.0,0.0,20.0,220.0,47.0,71.0,43.0,41.0,8.0,1.0,0.395,0.539,0.934,0.093,DeNA
113,57,東妻純平,600.0,,,,,,,,,,,,,,,,,,,,DeNA
114,58,梶原昂希,690.0,0.226,21.0,54.0,53.0,12.0,2.0,1.0,0.0,16.0,1.0,2.0,18.0,1.0,0.0,1.0,0.241,0.302,0.543,0.333,DeNA
115,60,知野直人,910.0,0.167,39.0,39.0,30.0,5.0,1.0,0.0,2.0,12.0,9.0,5.0,9.0,7.0,1.0,2.0,0.342,0.4,0.742,0.231,DeNA
116,61,蝦名達夫,1600.0,0.14,42.0,51.0,43.0,6.0,1.0,0.0,0.0,7.0,6.0,0.0,12.0,1.0,4.0,1.0,0.229,0.163,0.392,0.235,DeNA
117,63,関根大気,3500.0,0.261,140.0,532.0,482.0,126.0,17.0,3.0,4.0,161.0,69.0,31.0,53.0,29.0,4.0,11.0,0.308,0.334,0.642,0.1,DeNA
118,66,上甲凌大,340.0,,,,,,,,,,,,,,,,,,,,DeNA
119,67,西巻賢二,600.0,0.0,7.0,4.0,3.0,0.0,0.0,0.0,0.0,0.0,1.0,0.0,2.0,0.0,0.0,0.0,0.0,0.0,0.0,0.5,DeNA
120,98,京田陽太,5000.0,0.227,93.0,287.0,251.0,57.0,4.0,0.0,1.0,64.0,31.0,9.0,33.0,25.0,2.0,3.0,0.302,0.255,0.557,0.115,DeNA
121,99,ネフタリ・ソト,27000.0,0.234,109.0,399.0,354.0,83.0,22.0,0.0,14.0,147.0,31.0,50.0,99.0,39.0,4.0,0.0,0.316,0.415,0.731,0.248,DeNA
122,100,鈴木蓮,340.0,,,,,,,,,,,,,,,,,,,,DeNA
123,103,村川凪,340.0,,,,,,,,,,,,,,,,,,,,DeNA
124,104,東出直也,340.0,,,,,,,,,,,,,,,,,,,,DeNA
125,105,大橋武尊,340.0,,,,,,,,,,,,,,,,,,,,DeNA
126,00,山本泰寛,2800.0,,,,,,,,,,,,,,,,,,,,阪神
127,0,木浪聖也,2100.0,0.267,127.0,470.0,408.0,109.0,22.0,1.0,1.0,136.0,41.0,41.0,103.0,31.0,4.0,0.0,0.32,0.333,0.653,0.219,阪神
128,1,森下翔太,1600.0,0.237,94.0,377.0,333.0,79.0,14.0,1.0,10.0,125.0,42.0,41.0,70.0,29.0,11.0,1.0,0.316,0.375,0.691,0.186,阪神
129,2,梅野隆太郎,16000.0,0.194,72.0,251.0,217.0,42.0,4.0,0.0,1.0,49.0,17.0,19.0,56.0,28.0,2.0,3.0,0.288,0.226,0.514,0.223,阪神
130,3,大山悠輔,13000.0,0.288,143.0,625.0,513.0,148.0,29.0,0.0,19.0,234.0,80.0,78.0,120.0,99.0,5.0,3.0,0.403,0.456,0.859,0.192,阪神
131,4,熊谷敬宥,1750.0,0.333,26.0,9.0,6.0,2.0,0.0,0.0,0.0,2.0,7.0,0.0,2.0,2.0,0.0,3.0,0.5,0.333,0.833,0.222,阪神
132,5,近本光司,17000.0,0.285,129.0,585.0,501.0,143.0,24.0,12.0,8.0,215.0,83.0,54.0,71.0,67.0,12.0,28.0,0.379,0.429,0.809,0.121,阪神
133,7,ノイジー,17940.0,0.24,133.0,516.0,475.0,114.0,13.0,1.0,9.0,156.0,42.0,56.0,85.0,36.0,2.0,0.0,0.295,0.328,0.623,0.165,阪神
134,8,佐藤輝明,8500.0,0.263,132.0,548.0,486.0,128.0,30.0,6.0,24.0,242.0,70.0,92.0,139.0,54.0,4.0,7.0,0.339,0.498,0.837,0.254,阪神
135,9,高山俊,2100.0,,,,,,,,,,,,,,,,,,,,阪神
136,12,坂本誠志郎,2800.0,0.226,84.0,289.0,243.0,55.0,5.0,1.0,0.0,62.0,10.0,21.0,62.0,19.0,4.0,0.0,0.288,0.255,0.543,0.215,阪神
137,25,渡邉諒,5000.0,0.177,59.0,85.0,79.0,14.0,4.0,0.0,2.0,24.0,8.0,10.0,18.0,5.0,0.0,0.0,0.224,0.304,0.527,0.212,阪神
138,26,北條史也,1800.0,,,,,,,,,,,,,,,,,,,,阪神
139,32,井上広大,720.0,0.229,13.0,37.0,35.0,8.0,2.0,1.0,0.0,12.0,3.0,7.0,18.0,2.0,0.0,0.0,0.27,0.343,0.613,0.486,阪神
140,33,糸原健斗,8000.0,0.236,69.0,83.0,72.0,17.0,1.0,0.0,0.0,18.0,1.0,5.0,16.0,9.0,2.0,0.0,0.337,0.25,0.587,0.193,阪神
141,38,小幡竜平,1400.0,0.282,47.0,91.0,78.0,22.0,1.0,1.0,0.0,25.0,12.0,8.0,23.0,8.0,0.0,3.0,0.349,0.321,0.669,0.253,阪神
142,39,榮枝裕貴,800.0,0.333,2.0,4.0,3.0,1.0,0.0,0.0,0.0,1.0,0.0,0.0,1.0,0.0,0.0,0.0,0.333,0.333,0.667,0.25,阪神
143,40,井坪陽生,600.0,,,,,,,,,,,,,,,,,,,,阪神
144,43,高濱祐仁,2200.0,,,,,,,,,,,,,,,,,,,,阪神
145,44,戸井零士,500.0,,,,,,,,,,,,,,,,,,,,阪神
146,45,遠藤成,500.0,,,,,,,,,,,,,,,,,,,,阪神
147,51,中野拓夢,7000.0,0.285,143.0,660.0,575.0,164.0,17.0,5.0,2.0,197.0,80.0,40.0,107.0,57.0,2.0,20.0,0.349,0.343,0.692,0.162,阪神
148,53,島田海吏,3000.0,0.145,101.0,121.0,110.0,16.0,0.0,1.0,1.0,21.0,12.0,6.0,26.0,7.0,3.0,7.0,0.217,0.191,0.408,0.215,阪神
149,55,ミエセス,7000.0,0.222,60.0,143.0,126.0,28.0,3.0,0.0,5.0,46.0,11.0,16.0,45.0,14.0,1.0,0.0,0.301,0.365,0.666,0.315,阪神
150,57,長坂拳弥,1000.0,0.222,10.0,12.0,9.0,2.0,0.0,0.0,0.0,2.0,0.0,0.0,3.0,0.0,0.0,0.0,0.222,0.222,0.444,0.25,阪神
151,58,前川右京,500.0,0.255,33.0,107.0,94.0,24.0,3.0,2.0,0.0,31.0,6.0,7.0,25.0,9.0,4.0,0.0,0.346,0.33,0.676,0.234,阪神
152,59,藤田健斗,500.0,,,,,,,,,,,,,,,,,,,,阪神
153,60,小野寺暖,820.0,0.347,43.0,83.0,75.0,26.0,2.0,2.0,0.0,32.0,8.0,11.0,12.0,7.0,0.0,0.0,0.402,0.427,0.829,0.145,阪神
154,61,豊田寛,800.0,,,,,,,,,,,,,,,,,,,,阪神
155,62,植田海,1800.0,0.0,28.0,3.0,1.0,0.0,0.0,0.0,0.0,0.0,9.0,0.0,0.0,1.0,0.0,4.0,0.5,0.0,0.5,0.0,阪神
156,63,板山祐太郎,1000.0,0.059,12.0,17.0,17.0,1.0,0.0,0.0,0.0,1.0,1.0,0.0,7.0,0.0,0.0,0.0,0.059,0.059,0.118,0.412,阪神
157,67,高寺望夢,600.0,,,,,,,,,,,,,,,,,,,,阪神
158,68,中川勇斗,460.0,,,,,,,,,,,,,,,,,,,,阪神
159,94,原口文仁,3100.0,0.192,54.0,56.0,52.0,10.0,1.0,0.0,2.0,17.0,2.0,8.0,18.0,3.0,1.0,0.0,0.25,0.327,0.577,0.321,阪神
160,95,片山雄哉,450.0,,,,,,,,,,,,,,,,,,,,阪神
161,121,野口恭佑,300.0,,,,,,,,,,,,,,,,,,,,阪神
162,00,奥村展征,1200.0,0.5,3.0,5.0,4.0,2.0,1.0,0.0,0.0,3.0,2.0,1.0,2.0,0.0,0.0,0.0,0.4,0.75,1.15,0.4,ヤクルト
163,0,並木秀尊,900.0,0.242,82.0,174.0,161.0,39.0,3.0,1.0,1.0,47.0,37.0,7.0,33.0,8.0,1.0,15.0,0.282,0.292,0.574,0.19,ヤクルト
164,1,山田哲人,50000.0,0.231,105.0,422.0,376.0,87.0,21.0,3.0,14.0,156.0,43.0,40.0,102.0,39.0,3.0,4.0,0.306,0.415,0.721,0.242,ヤクルト
165,3,西浦直亨,2600.0,0.167,6.0,12.0,12.0,2.0,0.0,0.0,0.0,2.0,1.0,1.0,5.0,0.0,0.0,0.0,0.167,0.167,0.333,0.417,ヤクルト
166,4,丸山和郁,1500.0,0.206,67.0,106.0,97.0,20.0,5.0,0.0,0.0,25.0,13.0,7.0,27.0,6.0,0.0,7.0,0.252,0.258,0.51,0.255,ヤクルト
167,5,川端慎吾,2500.0,0.319,80.0,105.0,94.0,30.0,3.0,0.0,2.0,39.0,4.0,16.0,10.0,9.0,1.0,0.0,0.385,0.415,0.8,0.095,ヤクルト
168,6,元山飛優,1300.0,0.179,22.0,42.0,39.0,7.0,1.0,0.0,0.0,8.0,1.0,3.0,13.0,0.0,0.0,0.0,0.175,0.205,0.38,0.31,ヤクルト
169,7,長岡秀樹,3300.0,0.227,135.0,488.0,445.0,101.0,19.0,1.0,3.0,131.0,43.0,35.0,57.0,29.0,5.0,4.0,0.281,0.294,0.575,0.117,ヤクルト
170,9,塩見泰隆,8600.0,0.301,51.0,209.0,186.0,56.0,9.0,2.0,8.0,93.0,33.0,31.0,40.0,19.0,3.0,1.0,0.373,0.5,0.873,0.191,ヤクルト
171,10,荒木貴裕,2300.0,0.0,1.0,2.0,2.0,0.0,0.0,0.0,0.0,0.0,0.0,0.0,1.0,0.0,0.0,0.0,0.0,0.0,0.0,0.5,ヤクルト
172,13,ホセ・オスナ,15800.0,0.253,134.0,543.0,501.0,127.0,23.0,0.0,23.0,219.0,49.0,71.0,79.0,39.0,1.0,2.0,0.308,0.437,0.745,0.145,ヤクルト
173,022,松井聖,300.0,,,,,,,,,,,,,,,,,,,,ヤクルト
174,023,橋本星哉,280.0,,,,,,,,,,,,,,,,,,,,ヤクルト
175,23,青木宣親,34000.0,0.253,96.0,264.0,217.0,55.0,8.0,0.0,3.0,72.0,25.0,19.0,28.0,39.0,4.0,2.0,0.371,0.332,0.703,0.106,ヤクルト
176,024,岩田幸宏,300.0,,,,,,,,,,,,,,,,,,,,ヤクルト
177,25,サンタナ,27000.0,0.3,136.0,516.0,467.0,140.0,32.0,0.0,18.0,226.0,52.0,66.0,114.0,44.0,2.0,2.0,0.36,0.484,0.844,0.221,ヤクルト
178,025,木須フェリペ,,,,,,,,,,,,,,,,,,,,,ヤクルト
179,27,中村悠平,17000.0,0.226,106.0,376.0,310.0,70.0,14.0,0.0,4.0,96.0,24.0,33.0,59.0,33.0,8.0,0.0,0.313,0.31,0.622,0.157,ヤクルト
180,30,西田明央,2000.0,0.125,8.0,8.0,8.0,1.0,0.0,0.0,0.0,1.0,1.0,0.0,3.0,0.0,0.0,0.0,0.125,0.125,0.25,0.375,ヤクルト
181,31,山崎晃大朗,4000.0,0.241,64.0,153.0,137.0,33.0,2.0,0.0,0.0,35.0,17.0,3.0,33.0,10.0,0.0,9.0,0.293,0.255,0.548,0.216,ヤクルト
182,32,松本直樹,1000.0,0.0,3.0,6.0,6.0,0.0,0.0,0.0,0.0,0.0,0.0,0.0,0.0,0.0,0.0,0.0,0.0,0.0,0.0,0.0,ヤクルト
183,33,内山壮真,1600.0,0.229,94.0,269.0,240.0,55.0,12.0,1.0,6.0,87.0,20.0,27.0,37.0,19.0,2.0,3.0,0.29,0.362,0.653,0.138,ヤクルト
184,36,西村瑠伊斗,650.0,0.0,1.0,1.0,1.0,0.0,0.0,0.0,0.0,0.0,0.0,0.0,1.0,0.0,0.0,0.0,0.0,0.0,0.0,1.0,ヤクルト
185,39,宮本丈,2300.0,0.222,65.0,123.0,90.0,20.0,5.0,0.0,0.0,25.0,11.0,7.0,18.0,17.0,5.0,1.0,0.368,0.278,0.646,0.146,ヤクルト
186,42,澤井廉,850.0,0.156,16.0,37.0,32.0,5.0,0.0,1.0,0.0,7.0,3.0,1.0,11.0,0.0,5.0,0.0,0.27,0.219,0.489,0.297,ヤクルト
187,46,太田賢吾,1600.0,0.195,20.0,42.0,41.0,8.0,0.0,0.0,0.0,8.0,1.0,1.0,11.0,1.0,0.0,0.0,0.214,0.195,0.409,0.262,ヤクルト
188,50,北村恵吾,750.0,0.19,12.0,23.0,21.0,4.0,0.0,0.0,1.0,7.0,4.0,7.0,5.0,0.0,0.0,0.0,0.174,0.333,0.507,0.217,ヤクルト
189,51,濱田太貴,1300.0,0.234,103.0,276.0,252.0,59.0,17.0,0.0,5.0,91.0,30.0,22.0,60.0,19.0,1.0,4.0,0.29,0.361,0.652,0.217,ヤクルト
190,55,村上宗隆,60000.0,0.256,140.0,597.0,496.0,127.0,28.0,0.0,31.0,248.0,76.0,84.0,168.0,90.0,7.0,5.0,0.375,0.5,0.875,0.281,ヤクルト
191,57,古賀優大,1500.0,0.294,38.0,80.0,68.0,20.0,1.0,0.0,1.0,24.0,10.0,2.0,6.0,8.0,1.0,0.0,0.377,0.353,0.73,0.075,ヤクルト
192,59,小森航大郎,520.0,,,,,,,,,,,,,,,,,,,,ヤクルト
193,60,武岡龍世,700.0,0.219,84.0,178.0,160.0,35.0,3.0,2.0,1.0,45.0,18.0,8.0,47.0,8.0,0.0,3.0,0.254,0.281,0.536,0.264,ヤクルト
194,65,松本友,850.0,,,,,,,,,,,,,,,,,,,,ヤクルト
195,66,三ツ俣大樹,600.0,0.143,18.0,21.0,14.0,2.0,0.0,0.0,0.0,2.0,2.0,2.0,8.0,2.0,0.0,0.0,0.25,0.143,0.393,0.381,ヤクルト
196,71,赤羽由紘,600.0,0.174,29.0,27.0,23.0,4.0,0.0,0.0,1.0,7.0,5.0,3.0,12.0,1.0,1.0,0.0,0.231,0.304,0.535,0.444,ヤクルト
197,0,細川成也,990.0,0.253,140.0,576.0,518.0,131.0,30.0,1.0,24.0,235.0,62.0,78.0,161.0,49.0,8.0,0.0,0.326,0.454,0.78,0.28,中日
198,2,田中幹也,720.0,,,,,,,,,,,,,,,,,,,,中日
199,3,高橋周平,6750.0,0.215,86.0,172.0,158.0,34.0,6.0,0.0,0.0,40.0,1.0,14.0,41.0,11.0,1.0,1.0,0.271,0.253,0.524,0.238,中日
200,4,鵜飼航丞,1500.0,0.143,41.0,94.0,91.0,13.0,1.0,0.0,3.0,23.0,7.0,5.0,31.0,2.0,1.0,1.0,0.17,0.253,0.423,0.33,中日
201,5,村松開人,1200.0,0.207,98.0,304.0,275.0,57.0,4.0,1.0,1.0,66.0,20.0,20.0,49.0,15.0,2.0,1.0,0.252,0.24,0.492,0.161,中日
202,8,大島洋平,25000.0,0.289,130.0,494.0,470.0,136.0,17.0,2.0,0.0,157.0,34.0,23.0,43.0,15.0,5.0,6.0,0.316,0.334,0.65,0.087,中日
203,9,アキーノ,16800.0,0.154,20.0,68.0,65.0,10.0,4.0,0.0,1.0,17.0,2.0,6.0,32.0,2.0,0.0,0.0,0.176,0.262,0.438,0.471,中日
204,23,福元悠真,720.0,,,,,,,,,,,,,,,,,,,,中日
205,25,石川昂弥,1500.0,0.242,121.0,464.0,434.0,105.0,27.0,0.0,13.0,171.0,32.0,45.0,69.0,22.0,4.0,0.0,0.282,0.394,0.676,0.149,中日
206,27,大野奨太,2200.0,0.0,1.0,1.0,1.0,0.0,0.0,0.0,0.0,0.0,0.0,0.0,0.0,0.0,0.0,0.0,0.0,0.0,0.0,0.0,中日
207,30,三好大倫,900.0,0.154,30.0,17.0,13.0,2.0,1.0,0.0,0.0,3.0,6.0,0.0,4.0,1.0,2.0,3.0,0.312,0.231,0.543,0.235,中日
208,32,石垣雅海,1000.0,0.087,22.0,26.0,23.0,2.0,0.0,0.0,0.0,2.0,1.0,0.0,6.0,2.0,0.0,0.0,0.16,0.087,0.247,0.231,中日
209,35,木下拓哉,6800.0,0.237,89.0,315.0,278.0,66.0,15.0,0.0,5.0,96.0,19.0,26.0,55.0,30.0,1.0,0.0,0.313,0.345,0.658,0.175,中日
210,37,濱将乃介,720.0,,,,,,,,,,,,,,,,,,,,中日
211,39,宇佐見真吾,3000.0,0.282,69.0,226.0,206.0,58.0,6.0,0.0,3.0,73.0,12.0,14.0,47.0,17.0,1.0,0.0,0.339,0.354,0.694,0.208,中日
212,42,ブライト健太,1400.0,0.241,33.0,68.0,58.0,14.0,0.0,2.0,0.0,18.0,6.0,4.0,20.0,6.0,1.0,2.0,0.323,0.31,0.633,0.294,中日
213,43,味谷大誠,600.0,0.286,6.0,7.0,7.0,2.0,0.0,0.0,0.0,2.0,2.0,0.0,1.0,0.0,0.0,0.0,0.286,0.286,0.571,0.143,中日
214,44,郡司裕也,975.0,0.0,1.0,1.0,1.0,0.0,0.0,0.0,0.0,0.0,0.0,0.0,0.0,0.0,0.0,0.0,0.0,0.0,0.0,0.0,中日
215,44,川越誠司,1400.0,0.212,18.0,36.0,33.0,7.0,1.0,0.0,0.0,8.0,3.0,1.0,8.0,3.0,0.0,0.0,0.278,0.242,0.52,0.222,中日
216,45,龍空,1350.0,0.187,114.0,304.0,273.0,51.0,3.0,2.0,1.0,61.0,16.0,18.0,59.0,15.0,2.0,2.0,0.233,0.223,0.456,0.194,中日
217,48,溝脇隼人,1500.0,0.175,59.0,45.0,40.0,7.0,2.0,0.0,0.0,9.0,5.0,3.0,12.0,2.0,1.0,1.0,0.233,0.225,0.458,0.267,中日
218,49,伊藤康祐,720.0,0.15,34.0,22.0,20.0,3.0,0.0,0.0,0.0,3.0,2.0,0.0,3.0,0.0,0.0,1.0,0.15,0.15,0.3,0.136,中日
219,51,高松渡,1060.0,0.0,23.0,1.0,1.0,0.0,0.0,0.0,0.0,0.0,8.0,0.0,0.0,0.0,0.0,2.0,0.0,0.0,0.0,0.0,中日
220,52,加藤翔平,2300.0,0.225,59.0,45.0,40.0,9.0,0.0,0.0,0.0,9.0,6.0,4.0,8.0,2.0,1.0,2.0,0.279,0.225,0.504,0.178,中日
221,53,後藤駿太,2100.0,0.182,52.0,51.0,44.0,8.0,3.0,0.0,0.0,11.0,3.0,6.0,18.0,5.0,0.0,0.0,0.26,0.25,0.51,0.353,中日
222,55,福田永将,3500.0,0.15,19.0,26.0,20.0,3.0,0.0,0.0,1.0,6.0,3.0,1.0,4.0,5.0,1.0,0.0,0.346,0.3,0.646,0.154,中日
223,56,星野真生,540.0,,,,,,,,,,,,,,,,,,,,中日
224,57,山浅龍之介,600.0,0.0,7.0,2.0,2.0,0.0,0.0,0.0,0.0,0.0,1.0,0.0,0.0,0.0,0.0,0.0,0.0,0.0,0.0,0.0,中日
225,58,石橋康太,950.0,0.257,39.0,77.0,70.0,18.0,6.0,0.0,2.0,30.0,7.0,9.0,7.0,1.0,0.0,0.0,0.268,0.429,0.696,0.091,中日
226,60,岡林勇希,4000.0,0.279,143.0,633.0,584.0,163.0,21.0,10.0,3.0,213.0,61.0,31.0,89.0,39.0,0.0,12.0,0.324,0.365,0.688,0.141,中日
227,63,堂上直倫,2900.0,0.222,12.0,10.0,9.0,2.0,1.0,0.0,0.0,3.0,0.0,0.0,1.0,1.0,0.0,0.0,0.3,0.333,0.633,0.1,中日
228,66,ビシエド,35000.0,0.244,91.0,347.0,315.0,77.0,9.0,0.0,6.0,104.0,20.0,23.0,41.0,27.0,4.0,0.0,0.311,0.33,0.641,0.118,中日
229,68,福永裕基,720.0,0.241,97.0,325.0,291.0,70.0,16.0,1.0,2.0,94.0,30.0,15.0,62.0,20.0,2.0,2.0,0.289,0.323,0.612,0.191,中日
230,69,加藤匠馬,1900.0,0.0,10.0,8.0,8.0,0.0,0.0,0.0,0.0,0.0,0.0,0.0,3.0,0.0,0.0,0.0,0.0,0.0,0.0,0.375,中日
231,96,アルモンテ,3000.0,0.189,28.0,54.0,53.0,10.0,1.0,0.0,1.0,14.0,3.0,2.0,18.0,1.0,0.0,0.0,0.204,0.264,0.468,0.333,中日
232,97,樋口正修,300.0,0.0,7.0,3.0,3.0,0.0,0.0,0.0,0.0,0.0,1.0,0.0,1.0,0.0,0.0,0.0,0.0,0.0,0.0,0.333,中日
233,99,カリステ,3000.0,0.233,47.0,172.0,163.0,38.0,8.0,0.0,5.0,61.0,13.0,13.0,36.0,7.0,0.0,0.0,0.265,0.374,0.639,0.209,中日
234,209,レビーラ,1000.0,,,,,,,,,,,,,,,,,,,,中日
235,210,ガルシア,1000.0,,,,,,,,,,,,,,,,,,,,中日
236,2,アリエル・マルティネス,8000.0,0.246,119.0,444.0,386.0,95.0,24.0,0.0,15.0,164.0,39.0,66.0,99.0,44.0,11.0,0.0,0.338,0.425,0.763,0.223,日本ハム
237,3,加藤豪将,5000.0,0.21,62.0,222.0,200.0,42.0,6.0,0.0,6.0,66.0,18.0,16.0,35.0,18.0,3.0,3.0,0.284,0.33,0.614,0.158,日本ハム
238,4,上川畑大悟,2200.0,0.212,108.0,346.0,293.0,62.0,5.0,1.0,0.0,69.0,16.0,18.0,51.0,34.0,6.0,3.0,0.305,0.235,0.541,0.147,日本ハム
239,5,野村佑希,3300.0,0.236,125.0,473.0,423.0,100.0,21.0,1.0,13.0,162.0,42.0,43.0,112.0,42.0,4.0,4.0,0.309,0.383,0.692,0.237,日本ハム
240,6,アリスメンディ・アルカンタラ,13000.0,0.204,41.0,125.0,113.0,23.0,6.0,0.0,4.0,41.0,14.0,10.0,41.0,9.0,0.0,1.0,0.262,0.363,0.625,0.328,日本ハム
241,7,松本剛,8600.0,0.276,134.0,561.0,507.0,140.0,16.0,2.0,3.0,169.0,51.0,30.0,57.0,37.0,7.0,12.0,0.332,0.333,0.665,0.102,日本ハム
242,8,淺間大基,2800.0,0.222,13.0,38.0,36.0,8.0,3.0,1.0,0.0,13.0,2.0,4.0,10.0,1.0,0.0,0.0,0.243,0.361,0.604,0.263,日本ハム
243,9,中島卓也,3000.0,0.207,17.0,32.0,29.0,6.0,0.0,0.0,0.0,6.0,3.0,2.0,5.0,2.0,0.0,2.0,0.258,0.207,0.465,0.156,日本ハム
244,10,清水優心,2900.0,0.26,32.0,60.0,50.0,13.0,1.0,0.0,0.0,14.0,3.0,5.0,13.0,4.0,0.0,1.0,0.315,0.28,0.595,0.217,日本ハム
245,21,清宮幸太郎,3300.0,0.244,99.0,416.0,356.0,87.0,20.0,1.0,10.0,139.0,41.0,41.0,69.0,53.0,3.0,2.0,0.344,0.39,0.734,0.166,日本ハム
246,23,伏見寅威,4500.0,0.201,89.0,251.0,229.0,46.0,5.0,0.0,3.0,60.0,13.0,12.0,42.0,8.0,4.0,0.0,0.241,0.262,0.503,0.167,日本ハム
247,27,古川裕大,1200.0,0.186,17.0,47.0,43.0,8.0,4.0,0.0,0.0,12.0,2.0,4.0,15.0,1.0,0.0,0.0,0.196,0.279,0.475,0.319,日本ハム
248,30,宇佐見真吾,3000.0,0.0,9.0,16.0,15.0,0.0,0.0,0.0,0.0,0.0,0.0,0.0,4.0,1.0,0.0,0.0,0.062,0.0,0.062,0.25,日本ハム
249,30,郡司裕也,975.0,0.254,55.0,187.0,169.0,43.0,4.0,0.0,3.0,56.0,15.0,19.0,30.0,16.0,0.0,2.0,0.319,0.331,0.65,0.16,日本ハム
250,32,谷内亮太,3000.0,0.197,44.0,88.0,76.0,15.0,0.0,0.0,0.0,15.0,6.0,5.0,9.0,8.0,0.0,0.0,0.274,0.197,0.471,0.102,日本ハム
251,35,福田光輝,800.0,0.175,24.0,63.0,57.0,10.0,3.0,0.0,2.0,19.0,8.0,7.0,19.0,4.0,1.0,0.0,0.242,0.333,0.575,0.302,日本ハム
252,36,木村文紀,1900.0,0.5,1.0,2.0,2.0,1.0,1.0,0.0,0.0,2.0,0.0,0.0,0.0,0.0,0.0,0.0,0.5,1.0,1.5,0.0,日本ハム
253,37,江越大賀,1200.0,0.18,100.0,176.0,150.0,27.0,4.0,2.0,5.0,50.0,17.0,13.0,77.0,11.0,2.0,9.0,0.244,0.333,0.577,0.438,日本ハム
254,38,石井一成,3500.0,0.169,36.0,100.0,83.0,14.0,3.0,2.0,0.0,21.0,8.0,4.0,27.0,14.0,0.0,3.0,0.289,0.253,0.542,0.27,日本ハム
255,39,有薗直輝,630.0,0.0,1.0,5.0,5.0,0.0,0.0,0.0,0.0,0.0,0.0,0.0,4.0,0.0,0.0,0.0,0.0,0.0,0.0,0.8,日本ハム
256,43,水野達稀,900.0,0.161,31.0,62.0,56.0,9.0,4.0,1.0,0.0,15.0,1.0,6.0,21.0,4.0,0.0,1.0,0.213,0.268,0.481,0.339,日本ハム
257,44,阪口樂,550.0,,,,,,,,,,,,,,,,,,,,日本ハム
258,49,山田遥楓,1200.0,0.268,29.0,46.0,41.0,11.0,2.0,0.0,0.0,13.0,1.0,1.0,6.0,4.0,1.0,0.0,0.348,0.317,0.665,0.13,日本ハム
259,50,五十幡亮汰,1050.0,0.228,70.0,205.0,193.0,44.0,2.0,3.0,0.0,52.0,23.0,6.0,50.0,4.0,2.0,17.0,0.251,0.269,0.521,0.244,日本ハム
260,56,細川凌平,660.0,0.216,60.0,112.0,97.0,21.0,5.0,1.0,1.0,31.0,11.0,10.0,26.0,7.0,0.0,1.0,0.269,0.32,0.589,0.232,日本ハム
261,58,奈良間大己,770.0,0.243,65.0,196.0,181.0,44.0,12.0,2.0,2.0,66.0,20.0,15.0,50.0,8.0,3.0,2.0,0.285,0.365,0.65,0.255,日本ハム
262,60,郡拓也,880.0,0.267,7.0,15.0,15.0,4.0,1.0,0.0,0.0,5.0,2.0,0.0,1.0,0.0,0.0,1.0,0.267,0.333,0.6,0.067,日本ハム
263,61,今川優馬,2000.0,0.197,28.0,69.0,61.0,12.0,1.0,0.0,0.0,13.0,7.0,1.0,17.0,6.0,2.0,3.0,0.29,0.213,0.503,0.246,日本ハム
264,64,田宮裕涼,570.0,0.258,10.0,31.0,31.0,8.0,1.0,0.0,2.0,15.0,4.0,9.0,7.0,0.0,0.0,2.0,0.258,0.484,0.742,0.226,日本ハム
265,65,梅林優貴,770.0,0.5,7.0,6.0,6.0,3.0,0.0,0.0,0.0,3.0,0.0,0.0,1.0,0.0,0.0,0.0,0.5,0.5,1.0,0.167,日本ハム
266,66,万波中正,2000.0,0.265,141.0,582.0,533.0,141.0,33.0,0.0,25.0,249.0,69.0,74.0,138.0,41.0,4.0,2.0,0.321,0.467,0.788,0.237,日本ハム
267,94,アレン・ハンソン,,0.144,39.0,96.0,90.0,13.0,3.0,0.0,4.0,28.0,9.0,9.0,12.0,5.0,0.0,2.0,0.188,0.311,0.499,0.125,日本ハム
268,99,王柏融,1500.0,0.238,20.0,45.0,42.0,10.0,0.0,1.0,1.0,15.0,5.0,5.0,16.0,3.0,0.0,0.0,0.289,0.357,0.646,0.356,日本ハム
269,124,阿部和広,260.0,,,,,,,,,,,,,,,,,,,,日本ハム
270,125,藤田大清,260.0,,,,,,,,,,,,,,,,,,,,日本ハム
271,127,山口アタル,260.0,,,,,,,,,,,,,,,,,,,,日本ハム
272,00,川瀬晃,1700.0,0.236,102.0,208.0,178.0,42.0,7.0,3.0,0.0,55.0,25.0,15.0,23.0,9.0,2.0,2.0,0.279,0.309,0.588,0.111,ソフトバンク
273,0,F.ガルビス,35000.0,0.152,19.0,34.0,33.0,5.0,0.0,0.0,0.0,5.0,1.0,1.0,11.0,0.0,1.0,0.0,0.176,0.152,0.328,0.324,ソフトバンク
274,3,近藤健介,25500.0,0.303,143.0,613.0,492.0,149.0,33.0,0.0,26.0,260.0,75.0,87.0,117.0,109.0,6.0,3.0,0.431,0.528,0.959,0.191,ソフトバンク
275,4,W.アストゥディーヨ,18000.0,0.136,20.0,50.0,44.0,6.0,1.0,0.0,1.0,10.0,2.0,3.0,2.0,2.0,3.0,0.0,0.22,0.227,0.447,0.04,ソフトバンク
276,6,今宮健太,30000.0,0.255,126.0,484.0,427.0,109.0,22.0,0.0,9.0,158.0,38.0,48.0,58.0,27.0,2.0,4.0,0.3,0.37,0.67,0.12,ソフトバンク
277,7,中村晃,15000.0,0.274,136.0,585.0,511.0,140.0,13.0,2.0,5.0,172.0,52.0,37.0,53.0,60.0,3.0,0.0,0.351,0.337,0.688,0.091,ソフトバンク
278,8,牧原大成,8000.0,0.259,91.0,387.0,359.0,93.0,13.0,1.0,2.0,114.0,40.0,32.0,66.0,11.0,5.0,3.0,0.287,0.318,0.604,0.171,ソフトバンク
279,9,柳田悠岐,62000.0,0.299,143.0,625.0,546.0,163.0,29.0,3.0,22.0,264.0,57.0,85.0,97.0,64.0,9.0,1.0,0.378,0.484,0.861,0.155,ソフトバンク
280,10,C.ホーキンス,6600.0,0.0,3.0,10.0,9.0,0.0,0.0,0.0,0.0,0.0,0.0,1.0,4.0,0.0,0.0,0.0,0.0,0.0,0.0,0.4,ソフトバンク
281,12,嶺井博希,2700.0,0.206,44.0,39.0,34.0,7.0,2.0,0.0,2.0,15.0,3.0,6.0,10.0,0.0,1.0,0.0,0.222,0.441,0.663,0.256,ソフトバンク
282,13,三森大貴,4500.0,0.26,102.0,316.0,296.0,77.0,8.0,2.0,5.0,104.0,40.0,21.0,48.0,12.0,0.0,14.0,0.289,0.351,0.64,0.152,ソフトバンク
283,19,甲斐拓也,21000.0,0.202,139.0,420.0,366.0,74.0,16.0,1.0,10.0,122.0,35.0,44.0,117.0,31.0,3.0,0.0,0.269,0.333,0.602,0.279,ソフトバンク
284,22,牧原巧汰,550.0,,,,,,,,,,,,,,,,,,,,ソフトバンク
285,23,周東佑京,4000.0,0.241,114.0,268.0,237.0,57.0,5.0,1.0,2.0,70.0,52.0,17.0,56.0,20.0,3.0,36.0,0.307,0.295,0.602,0.209,ソフトバンク
286,24,栗原陵矢,7000.0,0.239,96.0,387.0,352.0,84.0,14.0,0.0,13.0,137.0,24.0,49.0,81.0,28.0,4.0,0.0,0.301,0.389,0.69,0.209,ソフトバンク
287,25,アルフレド・デスパイネ,18600.0,0.071,20.0,49.0,42.0,3.0,0.0,0.0,0.0,3.0,0.0,0.0,13.0,7.0,0.0,0.0,0.204,0.071,0.276,0.265,ソフトバンク
288,30,佐藤直樹,1400.0,0.167,41.0,31.0,30.0,5.0,1.0,0.0,1.0,9.0,6.0,2.0,16.0,0.0,0.0,3.0,0.167,0.3,0.467,0.516,ソフトバンク
289,31,正木智也,1300.0,0.038,15.0,30.0,26.0,1.0,0.0,0.0,0.0,1.0,2.0,1.0,10.0,3.0,1.0,0.0,0.167,0.038,0.205,0.333,ソフトバンク
290,32,柳町達,2900.0,0.257,116.0,375.0,311.0,80.0,18.0,1.0,0.0,100.0,27.0,34.0,104.0,58.0,1.0,2.0,0.375,0.322,0.696,0.277,ソフトバンク
291,33,増田珠,860.0,0.182,35.0,75.0,66.0,12.0,2.0,0.0,1.0,17.0,7.0,3.0,17.0,5.0,3.0,0.0,0.27,0.258,0.528,0.227,ソフトバンク
292,36,イヒネ・イツア,800.0,,,,,,,,,,,,,,,,,,,,ソフトバンク
293,37,生海,1000.0,0.2,13.0,21.0,20.0,4.0,0.0,0.0,0.0,4.0,2.0,0.0,5.0,1.0,0.0,0.0,0.238,0.2,0.438,0.238,ソフトバンク
294,43,井上朋也,860.0,0.263,15.0,41.0,38.0,10.0,2.0,0.0,1.0,15.0,3.0,3.0,10.0,3.0,0.0,0.0,0.317,0.395,0.712,0.244,ソフトバンク
295,44,笹川吉康,620.0,,,,,,,,,,,,,,,,,,,,ソフトバンク
296,45,谷川原健太,1300.0,0.233,61.0,46.0,43.0,10.0,1.0,0.0,0.0,11.0,8.0,3.0,12.0,3.0,0.0,2.0,0.283,0.256,0.538,0.261,ソフトバンク
297,46,川原田純平,560.0,0.0,2.0,1.0,1.0,0.0,0.0,0.0,0.0,0.0,0.0,0.0,0.0,0.0,0.0,0.0,0.0,0.0,0.0,0.0,ソフトバンク
298,51,上林誠知,3750.0,0.185,56.0,99.0,92.0,17.0,3.0,1.0,0.0,22.0,14.0,9.0,30.0,3.0,1.0,1.0,0.216,0.239,0.456,0.303,ソフトバンク
299,52,リチャード,1000.0,0.115,22.0,64.0,61.0,7.0,1.0,0.0,0.0,8.0,2.0,1.0,25.0,2.0,1.0,0.0,0.156,0.131,0.287,0.391,ソフトバンク
300,55,野村大樹,950.0,0.216,41.0,83.0,74.0,16.0,2.0,0.0,1.0,21.0,7.0,4.0,22.0,4.0,0.0,1.0,0.253,0.284,0.537,0.265,ソフトバンク
301,59,水谷瞬,540.0,,,,,,,,,,,,,,,,,,,,ソフトバンク
302,62,海野隆司,1300.0,0.0,8.0,2.0,1.0,0.0,0.0,0.0,0.0,0.0,0.0,0.0,0.0,0.0,0.0,0.0,0.0,0.0,0.0,0.0,ソフトバンク
303,64,吉田賢吾,800.0,0.0,1.0,1.0,1.0,0.0,0.0,0.0,0.0,0.0,0.0,0.0,1.0,0.0,0.0,0.0,0.0,0.0,0.0,1.0,ソフトバンク
304,65,九鬼隆平,650.0,,,,,,,,,,,,,,,,,,,,ソフトバンク
305,79,渡邉陸,850.0,,,,,,,,,,,,,,,,,,,,ソフトバンク
306,99,野村勇,2500.0,0.16,50.0,95.0,81.0,13.0,2.0,0.0,3.0,24.0,14.0,7.0,33.0,8.0,4.0,1.0,0.266,0.296,0.562,0.347,ソフトバンク
307,121,石塚綜一郎,360.0,,,,,,,,,,,,,,,,,,,,ソフトバンク
308,122,藤野恵音,360.0,,,,,,,,,,,,,,,,,,,,ソフトバンク
309,125,早真之介,360.0,,,,,,,,,,,,,,,,,,,,ソフトバンク
310,127,緒方理貢,400.0,,,,,,,,,,,,,,,,,,,,ソフトバンク
311,128,伊藤大将,360.0,,,,,,,,,,,,,,,,,,,,ソフトバンク
312,129,居谷匠真,360.0,,,,,,,,,,,,,,,,,,,,ソフトバンク
313,130,勝連大稀,360.0,,,,,,,,,,,,,,,,,,,,ソフトバンク
314,131,舟越秀虎,360.0,,,,,,,,,,,,,,,,,,,,ソフトバンク
315,132,川村友斗,400.0,,,,,,,,,,,,,,,,,,,,ソフトバンク
316,142,中村宜聖,360.0,,,,,,,,,,,,,,,,,,,,ソフトバンク
317,144,M.シモン,1000.0,,,,,,,,,,,,,,,,,,,,ソフトバンク
318,146,F.ヘラルディーノ,1000.0,,,,,,,,,,,,,,,,,,,,ソフトバンク
319,149,佐久間拓斗,360.0,,,,,,,,,,,,,,,,,,,,ソフトバンク
320,150,山本恵大,400.0,,,,,,,,,,,,,,,,,,,,ソフトバンク
321,151,加藤晴空,360.0,,,,,,,,,,,,,,,,,,,,ソフトバンク
322,153,三代祥貴,360.0,,,,,,,,,,,,,,,,,,,,ソフトバンク
323,155,仲田慶介,400.0,,,,,,,,,,,,,,,,,,,,ソフトバンク
324,157,小林珠維,470.0,,,,,,,,,,,,,,,,,,,,ソフトバンク
325,159,山下恭吾,360.0,,,,,,,,,,,,,,,,,,,,ソフトバンク
326,166,重松凱人,400.0,,,,,,,,,,,,,,,,,,,,ソフトバンク
327,168,佐藤航太,360.0,,,,,,,,,,,,,,,,,,,,ソフトバンク
328,170,西尾歩真,400.0,,,,,,,,,,,,,,,,,,,,ソフトバンク
329,171,盛島稜大,360.0,,,,,,,,,,,,,,,,,,,,ソフトバンク
330,173,ホセ・オスーナ,1000.0,,,,,,,,,,,,,,,,,,,,ソフトバンク
331,00,池田来翔,1200.0,0.269,40.0,118.0,104.0,28.0,6.0,1.0,2.0,42.0,17.0,8.0,17.0,6.0,3.0,0.0,0.327,0.404,0.731,0.144,ロッテ
332,0,荻野貴司,10000.0,0.24,50.0,203.0,183.0,44.0,8.0,1.0,1.0,57.0,19.0,19.0,16.0,11.0,6.0,1.0,0.302,0.311,0.613,0.079,ロッテ
333,1,藤原恭大,2200.0,0.238,103.0,361.0,328.0,78.0,15.0,2.0,3.0,106.0,35.0,21.0,78.0,18.0,4.0,5.0,0.285,0.323,0.608,0.216,ロッテ
334,2,松川虎生,2400.0,0.188,9.0,18.0,16.0,3.0,0.0,0.0,0.0,3.0,1.0,1.0,4.0,1.0,0.0,0.0,0.235,0.188,0.423,0.222,ロッテ
335,3,角中勝也,5500.0,0.296,86.0,244.0,216.0,64.0,16.0,1.0,9.0,109.0,20.0,39.0,43.0,21.0,1.0,1.0,0.357,0.505,0.861,0.176,ロッテ
336,4,藤岡裕大,5000.0,0.277,93.0,380.0,310.0,86.0,20.0,0.0,1.0,109.0,34.0,22.0,66.0,54.0,4.0,7.0,0.389,0.352,0.741,0.174,ロッテ
337,5,安田尚憲,4200.0,0.238,122.0,472.0,416.0,99.0,24.0,0.0,9.0,150.0,33.0,43.0,95.0,49.0,2.0,2.0,0.318,0.361,0.678,0.201,ロッテ
338,7,福田秀平,12000.0,0.25,3.0,9.0,8.0,2.0,0.0,0.0,0.0,2.0,0.0,0.0,3.0,1.0,0.0,1.0,0.333,0.25,0.583,0.333,ロッテ
339,8,中村奨吾,20000.0,0.22,137.0,584.0,508.0,112.0,23.0,0.0,11.0,168.0,61.0,48.0,89.0,52.0,7.0,3.0,0.299,0.331,0.63,0.152,ロッテ
340,10,友杉篤輝,1200.0,0.254,64.0,209.0,185.0,47.0,7.0,0.0,0.0,54.0,21.0,9.0,31.0,9.0,0.0,9.0,0.287,0.292,0.579,0.148,ロッテ
341,13,平沢大河,1400.0,0.17,57.0,170.0,135.0,23.0,1.0,0.0,3.0,33.0,19.0,8.0,43.0,25.0,3.0,3.0,0.311,0.244,0.555,0.253,ロッテ
342,22,田村龍弘,7000.0,0.166,78.0,214.0,181.0,30.0,3.0,0.0,2.0,39.0,6.0,19.0,38.0,13.0,2.0,0.0,0.226,0.215,0.442,0.178,ロッテ
343,22,ポランコ,20000.0,0.242,125.0,497.0,447.0,108.0,15.0,0.0,26.0,201.0,43.0,75.0,92.0,47.0,0.0,0.0,0.312,0.45,0.762,0.185,ロッテ
344,23,三木亮,2100.0,,,,,,,,,,,,,,,,,,,,ロッテ
345,25,岡大海,3600.0,0.282,109.0,372.0,319.0,90.0,16.0,3.0,7.0,133.0,50.0,33.0,56.0,37.0,8.0,15.0,0.371,0.417,0.788,0.151,ロッテ
346,31,菅野剛士,1900.0,0.1,6.0,11.0,10.0,1.0,0.0,0.0,0.0,1.0,0.0,0.0,2.0,1.0,0.0,0.0,0.182,0.1,0.282,0.182,ロッテ
347,32,佐藤都志也,3100.0,0.218,103.0,278.0,239.0,52.0,12.0,1.0,4.0,78.0,19.0,22.0,45.0,22.0,3.0,0.0,0.289,0.326,0.616,0.162,ロッテ
348,38,高部瑛斗,3500.0,,,,,,,,,,,,,,,,,,,,ロッテ
349,39,大下誠一郎,800.0,0.227,23.0,28.0,22.0,5.0,0.0,0.0,1.0,8.0,2.0,2.0,7.0,2.0,3.0,0.0,0.37,0.364,0.734,0.25,ロッテ
350,44,井上晴哉,4200.0,0.179,32.0,106.0,95.0,17.0,6.0,0.0,1.0,26.0,3.0,8.0,24.0,9.0,1.0,1.0,0.255,0.274,0.528,0.226,ロッテ
351,50,石川慎吾,1800.0,0.348,44.0,118.0,112.0,39.0,6.0,0.0,2.0,51.0,10.0,10.0,20.0,6.0,0.0,0.0,0.381,0.455,0.837,0.169,ロッテ
352,51,山口航輝,2800.0,0.235,115.0,474.0,421.0,99.0,21.0,0.0,14.0,162.0,46.0,57.0,122.0,43.0,5.0,0.0,0.31,0.385,0.695,0.257,ロッテ
353,53,江村直也,1050.0,0.0,4.0,10.0,9.0,0.0,0.0,0.0,0.0,0.0,0.0,0.0,2.0,0.0,0.0,0.0,0.0,0.0,0.0,0.2,ロッテ
354,57,小川龍成,1200.0,0.15,52.0,24.0,20.0,3.0,1.0,0.0,0.0,4.0,7.0,1.0,7.0,1.0,0.0,3.0,0.19,0.2,0.39,0.292,ロッテ
355,59,西川僚祐,500.0,,,,,,,,,,,,,,,,,,,,ロッテ
356,61,山本大斗,440.0,0.143,2.0,7.0,7.0,1.0,0.0,0.0,0.0,1.0,0.0,0.0,4.0,0.0,0.0,0.0,0.143,0.143,0.286,0.571,ロッテ
357,63,和田康士朗,1800.0,0.265,80.0,113.0,98.0,26.0,4.0,2.0,3.0,43.0,30.0,9.0,32.0,9.0,3.0,20.0,0.345,0.439,0.784,0.283,ロッテ
358,67,茶谷健太,1100.0,0.284,79.0,187.0,169.0,48.0,6.0,1.0,0.0,56.0,18.0,9.0,26.0,11.0,2.0,2.0,0.333,0.331,0.665,0.139,ロッテ
359,68,金田優太,500.0,,,,,,,,,,,,,,,,,,,,ロッテ
360,72,マイク・ブロッソー,,0.191,37.0,147.0,136.0,26.0,10.0,0.0,1.0,39.0,9.0,11.0,30.0,2.0,4.0,0.0,0.218,0.287,0.504,0.204,ロッテ
361,95,植田将太,440.0,0.0,4.0,3.0,3.0,0.0,0.0,0.0,0.0,0.0,0.0,0.0,2.0,0.0,0.0,0.0,0.0,0.0,0.0,0.667,ロッテ
362,99,柿沼友哉,1500.0,0.103,18.0,38.0,29.0,3.0,0.0,0.0,0.0,3.0,2.0,1.0,6.0,3.0,1.0,0.0,0.212,0.103,0.316,0.158,ロッテ
363,122,谷川唯人,240.0,,,,,,,,,,,,,,,,,,,,ロッテ
364,123,速水将大,300.0,,,,,,,,,,,,,,,,,,,,ロッテ
365,126,村山亮介,240.0,,,,,,,,,,,,,,,,,,,,ロッテ
366,129,勝又琉偉,240.0,,,,,,,,,,,,,,,,,,,,ロッテ
367,130,黒川凱星,240.0,,,,,,,,,,,,,,,,,,,,ロッテ
368,133,シェルテン・アポステル,,,,,,,,,,,,,,,,,,,,,ロッテ
369,0,児玉亮涼,1000.0,0.221,56.0,132.0,122.0,27.0,3.0,2.0,0.0,34.0,11.0,8.0,30.0,4.0,0.0,2.0,0.244,0.279,0.523,0.227,西武
370,1,栗山巧,17900.0,0.217,77.0,191.0,157.0,34.0,4.0,0.0,7.0,59.0,17.0,19.0,32.0,31.0,1.0,1.0,0.346,0.376,0.721,0.168,西武
371,2,岡田雅利,3000.0,,,,,,,,,,,,,,,,,,,,西武
372,3,山川穂高,27000.0,0.254,17.0,62.0,59.0,15.0,4.0,0.0,0.0,19.0,3.0,5.0,17.0,3.0,0.0,0.0,0.29,0.322,0.612,0.274,西武
373,4,山野辺翔,1070.0,0.205,35.0,43.0,39.0,8.0,1.0,0.0,0.0,9.0,4.0,2.0,3.0,1.0,1.0,6.0,0.244,0.231,0.475,0.07,西武
374,5,外崎修汰,16000.0,0.26,136.0,571.0,503.0,131.0,28.0,3.0,12.0,201.0,60.0,54.0,114.0,56.0,5.0,26.0,0.338,0.4,0.738,0.2,西武
375,6,源田壮亮,30000.0,0.257,100.0,435.0,397.0,102.0,9.0,4.0,0.0,119.0,30.0,22.0,82.0,26.0,3.0,5.0,0.307,0.3,0.607,0.189,西武
376,7,金子侑司,12600.0,0.179,47.0,91.0,84.0,15.0,2.0,1.0,0.0,19.0,6.0,2.0,24.0,4.0,1.0,1.0,0.222,0.226,0.448,0.264,西武
377,8,渡部健人,1200.0,0.214,57.0,209.0,192.0,41.0,13.0,0.0,6.0,72.0,17.0,25.0,63.0,11.0,5.0,2.0,0.273,0.375,0.648,0.301,西武
378,9,蛭間拓哉,1600.0,0.232,56.0,223.0,198.0,46.0,6.0,0.0,2.0,58.0,17.0,20.0,37.0,14.0,0.0,0.0,0.28,0.293,0.573,0.166,西武
379,10,ペイトン,8000.0,0.215,57.0,225.0,205.0,44.0,8.0,0.0,5.0,67.0,18.0,22.0,46.0,14.0,1.0,1.0,0.266,0.327,0.593,0.204,西武
380,22,古賀悠斗,1500.0,0.218,100.0,282.0,239.0,52.0,14.0,0.0,2.0,72.0,12.0,20.0,54.0,23.0,3.0,1.0,0.294,0.301,0.596,0.191,西武
381,30,マキノン,9000.0,0.259,127.0,514.0,464.0,120.0,17.0,2.0,15.0,186.0,50.0,50.0,91.0,48.0,0.0,1.0,0.327,0.401,0.728,0.177,西武
382,31,平沼翔太,1500.0,0.245,67.0,110.0,102.0,25.0,2.0,2.0,2.0,37.0,16.0,6.0,18.0,5.0,1.0,3.0,0.284,0.363,0.647,0.164,西武
383,32,山村崇嘉,700.0,0.286,4.0,15.0,14.0,4.0,0.0,0.0,2.0,10.0,3.0,3.0,5.0,1.0,0.0,0.0,0.333,0.714,1.048,0.333,西武
384,33,古川雄大,750.0,,,,,,,,,,,,,,,,,,,,西武
385,34,高松渡,1060.0,0.0,2.0,1.0,1.0,0.0,0.0,0.0,0.0,0.0,0.0,0.0,0.0,0.0,0.0,1.0,0.0,0.0,0.0,0.0,西武
386,35,若林楽人,1220.0,0.244,36.0,94.0,90.0,22.0,5.0,1.0,1.0,32.0,7.0,7.0,30.0,2.0,0.0,4.0,0.261,0.356,0.616,0.319,西武
387,37,柘植世那,2000.0,0.184,59.0,137.0,125.0,23.0,4.0,0.0,0.0,27.0,5.0,13.0,23.0,3.0,2.0,0.0,0.214,0.216,0.43,0.168,西武
388,38,野田海人,650.0,,,,,,,,,,,,,,,,,,,,西武
389,39,呉念庭,2800.0,0.205,41.0,92.0,78.0,16.0,2.0,1.0,1.0,23.0,8.0,11.0,25.0,13.0,0.0,1.0,0.319,0.295,0.614,0.272,西武
390,46,鈴木将平,1500.0,0.24,72.0,267.0,242.0,58.0,8.0,2.0,0.0,70.0,19.0,15.0,34.0,15.0,1.0,10.0,0.286,0.289,0.575,0.127,西武
391,49,タイシンガー・ブランドン大河,700.0,,,,,,,,,,,,,,,,,,,,西武
392,50,中山誠吾,700.0,,,,,,,,,,,,,,,,,,,,西武
393,51,西川愛也,850.0,0.227,41.0,109.0,97.0,22.0,4.0,0.0,1.0,29.0,9.0,8.0,16.0,5.0,1.0,4.0,0.269,0.299,0.568,0.147,西武
394,52,陽川尚将,2200.0,0.167,9.0,28.0,24.0,4.0,0.0,0.0,1.0,7.0,1.0,1.0,11.0,2.0,2.0,0.0,0.286,0.292,0.577,0.393,西武
395,53,愛斗,3300.0,0.214,73.0,267.0,257.0,55.0,18.0,0.0,4.0,85.0,19.0,15.0,55.0,3.0,2.0,2.0,0.228,0.331,0.559,0.206,西武
396,56,川野涼多,750.0,,,,,,,,,,,,,,,,,,,,西武
397,58,佐藤龍世,1100.0,0.263,91.0,257.0,209.0,55.0,9.0,3.0,3.0,79.0,27.0,16.0,41.0,42.0,2.0,2.0,0.39,0.378,0.768,0.16,西武
398,60,中村剛也,20000.0,0.258,88.0,322.0,283.0,73.0,12.0,0.0,17.0,136.0,34.0,40.0,76.0,31.0,5.0,1.0,0.339,0.481,0.819,0.236,西武
399,62,滝澤夏央,750.0,0.188,16.0,17.0,16.0,3.0,0.0,0.0,1.0,6.0,4.0,1.0,4.0,0.0,0.0,0.0,0.188,0.375,0.562,0.235,西武
400,63,長谷川信哉,670.0,0.222,59.0,198.0,180.0,40.0,9.0,0.0,4.0,61.0,17.0,12.0,34.0,11.0,3.0,3.0,0.276,0.339,0.614,0.172,西武
401,64,中熊大智,450.0,,,,,,,,,,,,,,,,,,,,西武
402,65,古市尊,280.0,0.16,29.0,56.0,50.0,8.0,0.0,0.0,0.0,8.0,2.0,0.0,13.0,2.0,1.0,0.0,0.208,0.16,0.368,0.232,西武
403,66,仲三河優太,600.0,,,,,,,,,,,,,,,,,,,,西武
404,68,岸潤一郎,1450.0,0.209,61.0,197.0,177.0,37.0,5.0,0.0,3.0,51.0,16.0,12.0,33.0,11.0,4.0,3.0,0.269,0.288,0.558,0.168,西武
405,72,川越誠司,1400.0,0.133,12.0,38.0,30.0,4.0,0.0,0.0,1.0,7.0,2.0,5.0,13.0,6.0,1.0,0.0,0.297,0.233,0.531,0.342,西武
406,73,高木渉,750.0,0.158,5.0,19.0,19.0,3.0,0.0,0.0,0.0,3.0,0.0,0.0,8.0,0.0,0.0,0.0,0.158,0.158,0.316,0.421,西武
407,78,齊藤誠人,580.0,0.0,1.0,0.0,0.0,0.0,0.0,0.0,0.0,0.0,0.0,0.0,0.0,0.0,0.0,0.0,0.0,0.0,0.0,0.0,西武
408,115,コドラド,400.0,,,,,,,,,,,,,,,,,,,,西武
409,117,牧野翔矢,740.0,,,,,,,,,,,,,,,,,,,,西武
410,118,野村和輝,320.0,,,,,,,,,,,,,,,,,,,,西武
411,119,日隈モンテル,400.0,,,,,,,,,,,,,,,,,,,,西武
412,122,是澤涼輔,400.0,,,,,,,,,,,,,,,,,,,,西武
413,123,宮本ジョセフ拳,400.0,,,,,,,,,,,,,,,,,,,,西武
414,0,小深田大翔,5000.0,0.258,134.0,549.0,477.0,123.0,8.0,6.0,5.0,158.0,67.0,37.0,83.0,48.0,3.0,36.0,0.329,0.331,0.66,0.151,楽天
415,2,太田光,3300.0,0.243,104.0,233.0,173.0,42.0,6.0,0.0,3.0,57.0,19.0,14.0,47.0,27.0,4.0,1.0,0.356,0.329,0.686,0.202,楽天
416,3,浅村栄斗,50000.0,0.274,143.0,601.0,522.0,143.0,20.0,0.0,26.0,241.0,64.0,78.0,108.0,75.0,3.0,2.0,0.368,0.462,0.829,0.18,楽天
417,4,阿部寿樹,6500.0,0.255,78.0,253.0,216.0,55.0,17.0,1.0,4.0,86.0,16.0,24.0,47.0,27.0,2.0,0.0,0.34,0.398,0.738,0.186,楽天
418,5,茂木栄五郎,7400.0,0.083,8.0,15.0,12.0,1.0,0.0,0.0,0.0,1.0,1.0,1.0,3.0,3.0,0.0,0.0,0.267,0.083,0.35,0.2,楽天
419,6,西川遥輝,7000.0,0.181,35.0,87.0,72.0,13.0,2.0,1.0,1.0,20.0,11.0,4.0,24.0,11.0,0.0,2.0,0.286,0.278,0.563,0.276,楽天
420,7,鈴木大地,20000.0,0.244,101.0,292.0,250.0,61.0,9.0,1.0,5.0,87.0,25.0,27.0,36.0,24.0,9.0,0.0,0.33,0.348,0.678,0.123,楽天
421,8,辰己涼介,5300.0,0.263,133.0,495.0,434.0,114.0,16.0,5.0,9.0,167.0,45.0,43.0,99.0,40.0,12.0,13.0,0.341,0.385,0.726,0.2,楽天
422,9,吉野創士,920.0,,,,,,,,,,,,,,,,,,,,楽天
423,022,水上桂,450.0,,,,,,,,,,,,,,,,,,,,楽天
424,23,フランコ,10000.0,0.221,95.0,334.0,312.0,69.0,11.0,0.0,12.0,116.0,31.0,32.0,52.0,21.0,1.0,0.0,0.272,0.372,0.644,0.156,楽天
425,24,黒川史陽,780.0,0.091,9.0,24.0,22.0,2.0,0.0,0.0,1.0,5.0,1.0,2.0,5.0,0.0,0.0,0.0,0.087,0.227,0.314,0.208,楽天
426,25,田中和基,2000.0,0.088,95.0,41.0,34.0,3.0,0.0,0.0,2.0,9.0,22.0,3.0,13.0,5.0,0.0,3.0,0.205,0.265,0.47,0.317,楽天
427,26,炭谷銀仁朗,10000.0,0.221,65.0,145.0,131.0,29.0,2.0,0.0,1.0,34.0,9.0,10.0,23.0,5.0,2.0,0.0,0.259,0.26,0.519,0.159,楽天
428,27,岡島豪郎,4200.0,0.266,114.0,410.0,361.0,96.0,20.0,0.0,6.0,134.0,33.0,43.0,67.0,33.0,3.0,3.0,0.327,0.371,0.698,0.163,楽天
429,30,平良竜哉,920.0,,,,,,,,,,,,,,,,,,,,楽天
430,33,銀次,7000.0,0.1,6.0,10.0,10.0,1.0,0.0,0.0,0.0,1.0,0.0,1.0,1.0,0.0,0.0,0.0,0.1,0.1,0.2,0.1,楽天
431,34,山崎剛,1900.0,0.203,117.0,307.0,261.0,53.0,6.0,5.0,2.0,75.0,29.0,19.0,58.0,35.0,3.0,13.0,0.303,0.287,0.591,0.189,楽天
432,35,島内宏明,12000.0,0.236,104.0,369.0,322.0,76.0,13.0,0.0,7.0,110.0,21.0,38.0,41.0,41.0,3.0,2.0,0.325,0.342,0.667,0.111,楽天
433,36,前田銀治,550.0,,,,,,,,,,,,,,,,,,,,楽天
434,39,伊藤裕季也,850.0,0.245,87.0,216.0,188.0,46.0,6.0,1.0,5.0,69.0,20.0,16.0,48.0,15.0,1.0,3.0,0.301,0.367,0.668,0.222,楽天
435,42,ギッテンス,10300.0,,,,,,,,,,,,,,,,,,,,楽天
436,44,田中貴也,830.0,,,,,,,,,,,,,,,,,,,,楽天
437,48,渡邊佳明,1450.0,0.143,25.0,57.0,49.0,7.0,0.0,0.0,0.0,7.0,3.0,3.0,7.0,5.0,0.0,0.0,0.222,0.143,0.365,0.123,楽天
438,50,武藤敦貴,860.0,,,,,,,,,,,,,,,,,,,,楽天
439,51,小郷裕哉,850.0,0.262,120.0,441.0,390.0,102.0,16.0,3.0,10.0,154.0,53.0,49.0,85.0,36.0,1.0,13.0,0.321,0.395,0.716,0.193,楽天
440,54,和田恋,690.0,0.2,2.0,6.0,5.0,1.0,0.0,0.0,0.0,1.0,0.0,2.0,3.0,0.0,0.0,0.0,0.167,0.2,0.367,0.5,楽天
441,55,安田悠馬,1100.0,0.218,53.0,127.0,110.0,24.0,2.0,0.0,3.0,35.0,7.0,7.0,25.0,16.0,1.0,0.0,0.323,0.318,0.641,0.197,楽天
442,61,横尾俊建,1050.0,,,,,,,,,,,,,,,,,,,,楽天
443,63,入江大樹,550.0,,,,,,,,,,,,,,,,,,,,楽天
444,65,堀内謙伍,730.0,0.5,3.0,3.0,2.0,1.0,0.0,0.0,0.0,1.0,0.0,0.0,0.0,1.0,0.0,0.0,0.667,0.5,1.167,0.0,楽天
445,66,村林一輝,1000.0,0.256,98.0,340.0,301.0,77.0,14.0,2.0,2.0,101.0,35.0,32.0,55.0,21.0,4.0,11.0,0.311,0.336,0.647,0.162,楽天
446,67,正隨優弥,750.0,0.0,1.0,2.0,1.0,0.0,0.0,0.0,0.0,0.0,0.0,0.0,0.0,1.0,0.0,0.0,0.5,0.0,0.5,0.0,楽天
447,70,石原彪,500.0,,,,,,,,,,,,,,,,,,,,楽天
448,78,辰見鴻之介,250.0,,,,,,,,,,,,,,,,,,,,楽天
449,131,永田颯太郎,250.0,,,,,,,,,,,,,,,,,,,,楽天
450,137,江川侑斗,230.0,,,,,,,,,,,,,,,,,,,,楽天
451,138,ウレーニャ,990.0,,,,,,,,,,,,,,,,,,,,楽天
452,141,澤野聖悠,230.0,,,,,,,,,,,,,,,,,,,,楽天
453,142,柳澤大空,250.0,,,,,,,,,,,,,,,,,,,,楽天
454,144,大河原翔,230.0,,,,,,,,,,,,,,,,,,,,楽天
455,00,石岡諒太,700.0,,,,,,,,,,,,,,,,,,,,オリックス
456,0,渡部遼人,900.0,0.171,32.0,52.0,41.0,7.0,2.0,0.0,0.0,9.0,7.0,1.0,7.0,8.0,0.0,2.0,0.3,0.22,0.52,0.135,オリックス
457,1,福田周平,7500.0,0.191,36.0,114.0,94.0,18.0,1.0,0.0,0.0,19.0,6.0,5.0,15.0,15.0,1.0,5.0,0.306,0.202,0.508,0.132,オリックス
458,2,若月健矢,4800.0,0.255,96.0,318.0,286.0,73.0,14.0,1.0,6.0,107.0,27.0,17.0,66.0,15.0,1.0,2.0,0.295,0.374,0.669,0.208,オリックス
459,3,安達了一,7000.0,0.183,23.0,68.0,60.0,11.0,0.0,0.0,0.0,11.0,4.0,4.0,18.0,5.0,0.0,1.0,0.246,0.183,0.429,0.265,オリックス
460,4,森友哉,21000.0,0.294,110.0,453.0,384.0,113.0,24.0,2.0,18.0,195.0,49.0,64.0,61.0,54.0,7.0,4.0,0.385,0.508,0.893,0.135,オリックス
461,5,西野真弘,2400.0,0.197,43.0,138.0,122.0,24.0,6.0,0.0,0.0,30.0,5.0,8.0,9.0,11.0,0.0,0.0,0.263,0.246,0.509,0.065,オリックス
462,6,宗佑磨,7800.0,0.245,122.0,478.0,428.0,105.0,17.0,3.0,2.0,134.0,38.0,22.0,55.0,36.0,4.0,1.0,0.309,0.313,0.622,0.115,オリックス
463,8,マーウィン・ゴンザレス,18000.0,0.217,84.0,321.0,299.0,65.0,14.0,0.0,12.0,115.0,28.0,38.0,85.0,15.0,5.0,2.0,0.266,0.385,0.65,0.265,オリックス
464,9,野口智哉,1500.0,0.226,76.0,257.0,226.0,51.0,11.0,3.0,2.0,74.0,19.0,19.0,70.0,21.0,5.0,4.0,0.306,0.327,0.633,0.272,オリックス
465,10,大城滉二,2800.0,0.196,57.0,51.0,46.0,9.0,3.0,0.0,1.0,15.0,7.0,10.0,8.0,4.0,1.0,1.0,0.275,0.326,0.601,0.157,オリックス
466,014,釣寿生,240.0,,,,,,,,,,,,,,,,,,,,オリックス
467,020,山中尭之,240.0,,,,,,,,,,,,,,,,,,,,オリックス
468,021,園部佳太,240.0,,,,,,,,,,,,,,,,,,,,オリックス
469,23,フランク・シュウィンデル,9000.0,0.188,20.0,70.0,69.0,13.0,3.0,0.0,1.0,19.0,4.0,11.0,17.0,0.0,0.0,0.0,0.186,0.275,0.461,0.243,オリックス
470,24,紅林弘太郎,4200.0,0.275,127.0,482.0,443.0,122.0,19.0,1.0,8.0,167.0,37.0,39.0,63.0,28.0,1.0,4.0,0.318,0.377,0.695,0.131,オリックス
471,25,内藤鵬,600.0,,,,,,,,,,,,,,,,,,,,オリックス
472,27,元謙太,700.0,,,,,,,,,,,,,,,,,,,,オリックス
473,30,廣岡大志,1700.0,0.2,44.0,103.0,90.0,18.0,4.0,1.0,1.0,27.0,12.0,9.0,26.0,12.0,0.0,0.0,0.294,0.3,0.594,0.252,オリックス
474,31,太田椋,1700.0,0.25,18.0,70.0,60.0,15.0,3.0,0.0,2.0,24.0,9.0,7.0,8.0,3.0,3.0,0.0,0.318,0.4,0.718,0.114,オリックス
475,32,福永奨,950.0,0.0,3.0,2.0,2.0,0.0,0.0,0.0,0.0,0.0,0.0,0.0,1.0,0.0,0.0,0.0,0.0,0.0,0.0,0.5,オリックス
476,33,杉澤龍,900.0,0.2,2.0,5.0,5.0,1.0,0.0,0.0,0.0,1.0,0.0,0.0,2.0,0.0,0.0,0.0,0.2,0.2,0.4,0.4,オリックス
477,034,村上喬一朗,240.0,,,,,,,,,,,,,,,,,,,,オリックス
478,36,山足達也,2000.0,0.2,32.0,27.0,25.0,5.0,1.0,0.0,0.0,6.0,7.0,0.0,5.0,2.0,0.0,2.0,0.259,0.24,0.499,0.185,オリックス
479,37,石川亮,1700.0,0.091,14.0,11.0,11.0,1.0,0.0,0.0,0.0,1.0,0.0,0.0,3.0,0.0,0.0,0.0,0.091,0.091,0.182,0.273,オリックス
480,38,来田涼斗,800.0,0.0,4.0,11.0,10.0,0.0,0.0,0.0,0.0,0.0,0.0,0.0,6.0,1.0,0.0,0.0,0.091,0.0,0.091,0.545,オリックス
481,39,池田陵真,550.0,0.206,12.0,39.0,34.0,7.0,1.0,0.0,0.0,8.0,4.0,0.0,9.0,4.0,1.0,1.0,0.308,0.235,0.543,0.231,オリックス
482,40,レアンドロ・セデーニョ,4000.0,0.244,57.0,187.0,176.0,43.0,7.0,0.0,9.0,77.0,12.0,34.0,47.0,8.0,1.0,0.0,0.278,0.438,0.716,0.251,オリックス
483,41,佐野皓大,2300.0,0.167,47.0,38.0,36.0,6.0,0.0,0.0,1.0,9.0,11.0,3.0,7.0,0.0,0.0,5.0,0.167,0.25,0.417,0.184,オリックス
484,44,頓宮裕真,3500.0,0.307,113.0,451.0,401.0,123.0,23.0,0.0,16.0,194.0,49.0,49.0,69.0,41.0,6.0,0.0,0.378,0.484,0.862,0.153,オリックス
485,49,渡邉大樹,1200.0,0.0,1.0,2.0,2.0,0.0,0.0,0.0,0.0,0.0,0.0,0.0,1.0,0.0,0.0,0.0,0.0,0.0,0.0,0.5,オリックス
486,50,小田裕也,2500.0,0.29,77.0,68.0,62.0,18.0,5.0,0.0,1.0,26.0,15.0,8.0,15.0,2.0,2.0,5.0,0.333,0.419,0.753,0.221,オリックス
487,53,宜保翔,900.0,0.279,62.0,162.0,147.0,41.0,5.0,0.0,0.0,46.0,14.0,9.0,25.0,6.0,1.0,1.0,0.31,0.313,0.623,0.154,オリックス
488,55,Ｔ-岡田,7200.0,0.179,20.0,42.0,39.0,7.0,0.0,0.0,0.0,7.0,3.0,4.0,9.0,2.0,0.0,0.0,0.214,0.179,0.394,0.214,オリックス
489,60,佐野如一,500.0,,,,,,,,,,,,,,,,,,,,オリックス
490,61,茶野篤政,240.0,0.237,91.0,344.0,312.0,74.0,7.0,0.0,1.0,84.0,37.0,23.0,76.0,16.0,8.0,7.0,0.291,0.269,0.56,0.221,オリックス
491,62,中川拓真,450.0,,,,,,,,,,,,,,,,,,,,オリックス
492,64,大里昂生,240.0,0.0,5.0,2.0,2.0,0.0,0.0,0.0,0.0,0.0,1.0,0.0,1.0,0.0,0.0,0.0,0.0,0.0,0.0,0.5,オリックス
493,67,中川圭太,6000.0,0.269,135.0,563.0,506.0,136.0,29.0,5.0,12.0,211.0,66.0,55.0,90.0,43.0,7.0,5.0,0.334,0.417,0.751,0.16,オリックス
494,68,平野大和,250.0,0.2,4.0,5.0,5.0,1.0,0.0,0.0,0.0,1.0,1.0,0.0,2.0,0.0,0.0,0.0,0.2,0.2,0.4,0.4,オリックス
495,99,杉本裕太郎,7200.0,0.242,96.0,370.0,339.0,82.0,12.0,1.0,16.0,144.0,34.0,41.0,101.0,19.0,9.0,0.0,0.298,0.425,0.723,0.273,オリックス
496,124,上野響平,450.0,,,,,,,,,,,,,,,,,,,,オリックス
